spacegroup,asymmetricunit,cellspec
1,0 ≤ x ≤ 1; 0 ≤ y ≤ 1; 0 ≤ z ≤ 1,
2,0 ≤ x ≤ 1/2; 0 ≤ y ≤ 1; 0 ≤ z ≤ 1,
3,0 ≤ x ≤ 1; 0 ≤ y ≤ 1; 0 ≤ z ≤ 1/2,UNIQUE AXIS b
4,0 ≤ x ≤ 1; 0 ≤ y ≤ 1; 0 ≤ z ≤ 1/2,UNIQUE AXIS b
5,0 ≤ x ≤ 1/2; 0 ≤ y ≤ 1/2; 0 ≤ z ≤ 1,"UNIQUE AXIS b, CELL CHOICE 1"
6,0 ≤ x ≤ 1; 0 ≤ y ≤ 1/2; 0 ≤ z ≤ 1,UNIQUE AXIS b
7,0 ≤ x ≤ 1; 0 ≤ y ≤ 1/2; 0 ≤ z ≤ 1,"UNIQUE AXIS b, CELL CHOICE 1"
8,0 ≤ x ≤ 1; 0 ≤ y ≤ 1/4; 0 ≤ z ≤ 1,"UNIQUE AXIS b, CELL CHOICE 1"
9,0 ≤ x ≤ 1; 0 ≤ y ≤ 1/4; 0 ≤ z ≤ 1,"UNIQUE AXIS b, CELL CHOICE 1"
10,0 ≤ x ≤ 1/2; 0 ≤ y ≤ 1/2; 0 ≤ z ≤ 1,UNIQUE AXIS b
11,0 ≤ x ≤ 1; 0 ≤ y ≤ 1/4; 0 ≤ z ≤ 1,UNIQUE AXIS b
12,0 ≤ x ≤ 1/2; 0 ≤ y ≤ 1/4; 0 ≤ z ≤ 1,"UNIQUE AXIS b, CELL CHOICE 1"
13,0 ≤ x ≤ 1/2; 0 ≤ y ≤ 1; 0 ≤ z ≤ 1/2,"UNIQUE AXIS b, CELL CHOICE 1"
14,0 ≤ x ≤ 1; 0 ≤ y ≤ 1/4; 0 ≤ z ≤ 1,"UNIQUE AXIS b, CELL CHOICE 1"
15,0 ≤ x ≤ 1/2; 0 ≤ y ≤ 1/2; 0 ≤ z ≤ 1/2,"UNIQUE AXIS b, CELL CHOICE 1"
16,0 ≤ x ≤ 1/2; 0 ≤ y ≤ 1/2; 0 ≤ z ≤ 1,
17,0 ≤ x ≤ 1/2; 0 ≤ y ≤ 1/2; 0 ≤ z ≤ 1,
18,0 ≤ x ≤ 1/2; 0 ≤ y ≤ 1/2; 0 ≤ z ≤ 1,
19,0 ≤ x ≤ 1/2; 0 ≤ y ≤ 1/2; 0 ≤ z ≤ 1,
20,0 ≤ x ≤ 1/2; 0 ≤ y ≤ 1/2; 0 ≤ z ≤ 1/2,
21,0 ≤ x ≤ 1/4; 0 ≤ y ≤ 1/2; 0 ≤ z ≤ 1,
22,0 ≤ x ≤ 1/4; 0 ≤ y ≤ 1/4; 0 ≤ z ≤ 1,
23,0 ≤ x ≤ 1/2; 0 ≤ y ≤ 1/2; 0 ≤ z ≤ 1/2,
24,0 ≤ x ≤ 1/2; 0 ≤ y ≤ 1/2; 0 ≤ z ≤ 1/2,
25,0 ≤ x ≤ 1/2; 0 ≤ y ≤ 1/2; 0 ≤ z ≤ 1,
26,0 ≤ x ≤ 1/2; 0 ≤ y ≤ 1/2; 0 ≤ z ≤ 1,
27,0 ≤ x ≤ 1/2; 0 ≤ y ≤ 1/2; 0 ≤ z ≤ 1,
28,0 ≤ x ≤ 1/4; 0 ≤ y ≤ 1; 0 ≤ z ≤ 1,
29,0 ≤ x ≤ 1/4; 0 ≤ y ≤ 1; 0 ≤ z ≤ 1,
30,0 ≤ x ≤ 1/2; 0 ≤ y ≤ 1; 0 ≤ z ≤ 1/2,
31,0 ≤ x ≤ 1/2; 0 ≤ y ≤ 1/2; 0 ≤ z ≤ 1,
32,0 ≤ x ≤ 1/2; 0 ≤ y ≤ 1/2; 0 ≤ z ≤ 1,
33,0 ≤ x ≤ 1/2; 0 ≤ y ≤ 1/2; 0 ≤ z ≤ 1,
34,0 ≤ x ≤ 1/2; 0 ≤ y ≤ 1/2; 0 ≤ z ≤ 1,
35,0 ≤ x ≤ 1/4; 0 ≤ y ≤ 1/2; 0 ≤ z ≤ 1,
36,0 ≤ x ≤ 1/2; 0 ≤ y ≤ 1/2; 0 ≤ z ≤ 1/2,
37,0 ≤ x ≤ 1/4; 0 ≤ y ≤ 1/2; 0 ≤ z ≤ 1,
38,0 ≤ x ≤ 1/2; 0 ≤ y ≤ 1/2; 0 ≤ z ≤ 1/2,
39,0 ≤ x ≤ 1/2; 0 ≤ y ≤ 1/4; 0 ≤ z ≤ 1,
40,0 ≤ x ≤ 1/4; 0 ≤ y ≤ 1/2; 0 ≤ z ≤ 1,
41,0 ≤ x ≤ 1/2; 0 ≤ y ≤ 1/2; 0 ≤ z ≤ 1/2,
42,0 ≤ x ≤ 1/4; 0 ≤ y ≤ 1/4; 0 ≤ z ≤ 1,
43,0 ≤ x ≤ 1/4; 0 ≤ y ≤ 1/4; 0 ≤ z ≤ 1,
44,0 ≤ x ≤ 1/2; 0 ≤ y ≤ 1/2; 0 ≤ z ≤ 1/2,
45,0 ≤ x ≤ 1/2; 0 ≤ y ≤ 1/2; 0 ≤ z ≤ 1/2,
46,0 ≤ x ≤ 1/4; 0 ≤ y ≤ 1; 0 ≤ z ≤ 1/2,
47,0 ≤ x ≤ 1/2; 0 ≤ y ≤ 1/2; 0 ≤ z ≤ 1/2,
48,0 ≤ x ≤ 1/4; 0 ≤ y ≤ 1/2; 0 ≤ z ≤ 1,ORIGIN CHOICE 1
49,0 ≤ x ≤ 1/2; 0 ≤ y ≤ 1/2; 0 ≤ z ≤ 1/2,
50,0 ≤ x ≤ 1/2; 0 ≤ y ≤ 1/2; 0 ≤ z ≤ 1/2,ORIGIN CHOICE 1
51,0 ≤ x ≤ 1/4; 0 ≤ y ≤ 1/2; 0 ≤ z ≤ 1,
52,0 ≤ x ≤ 1; 0 ≤ y ≤ 1/4; 0 ≤ z ≤ 1/2,
53,0 ≤ x ≤ 1/2; 0 ≤ y ≤ 1; 0 ≤ z ≤ 1/4,
54,0 ≤ x ≤ 1/2; 0 ≤ y ≤ 1/2; 0 ≤ z ≤ 1/2,
55,0 ≤ x ≤ 1/2; 0 ≤ y ≤ 1/2; 0 ≤ z ≤ 1/2,
56,0 ≤ x ≤ 1/4; 0 ≤ y ≤ 1; 0 ≤ z ≤ 1/2,
57,0 ≤ x ≤ 1/2; 0 ≤ y ≤ 1; 0 ≤ z ≤ 1/4,
58,0 ≤ x ≤ 1/2; 0 ≤ y ≤ 1/2; 0 ≤ z ≤ 1/2,
59,0 ≤ x ≤ 1/2; 0 ≤ y ≤ 1/2; 0 ≤ z ≤ 1/2,ORIGIN CHOICE 1
60,0 ≤ x ≤ 1/2; 0 ≤ y ≤ 1/2; 0 ≤ z ≤ 1/2,
61,0 ≤ x ≤ 1/2; 0 ≤ y ≤ 1/2; 0 ≤ z ≤ 1/2,
62,0 ≤ x ≤ 1/2; 0 ≤ y ≤ 1/4; 0 ≤ z ≤ 1,
63,0 ≤ x ≤ 1/2; 0 ≤ y ≤ 1/2; 0 ≤ z ≤ 1/4,
64,0 ≤ x ≤ 1/4; 0 ≤ y ≤ 1/2; 0 ≤ z ≤ 1/2,
65,0 ≤ x ≤ 1/4; 0 ≤ y ≤ 1/2; 0 ≤ z ≤ 1/2,
66,0 ≤ x ≤ 1/4; 0 ≤ y ≤ 1/2; 0 ≤ z ≤ 1/2,
67,0 ≤ x ≤ 1/2; 0 ≤ y ≤ 1/4; 0 ≤ z ≤ 1/2,
68,0 ≤ x ≤ 1/4; 0 ≤ y ≤ 1/2; 0 ≤ z ≤ 1/2,ORIGIN CHOICE 1
69,0 ≤ x ≤ 1/4; 0 ≤ y ≤ 1/4; 0 ≤ z ≤ 1/2,
70,0 ≤ x ≤ 1/8; 0 ≤ y ≤ 1/4; 0 ≤ z ≤ 1,ORIGIN CHOICE 1
71,0 ≤ x ≤ 1/4; 0 ≤ y ≤ 1/2; 0 ≤ z ≤ 1/2,
72,0 ≤ x ≤ 1/4; 0 ≤ y ≤ 1/2; 0 ≤ z ≤ 1/2,
73,0 ≤ x ≤ 1/4; 0 ≤ y ≤ 1/2; 0 ≤ z ≤ 1/2,
74,0 ≤ x ≤ 1/4; 0 ≤ y ≤ 1/4; 0 ≤ z ≤ 1,
75,0 ≤ x ≤ 1/2; 0 ≤ y ≤ 1/2; 0 ≤ z ≤ 1,
76,0 ≤ x ≤ 1/2; 0 ≤ y ≤ 1/2; 0 ≤ z ≤ 1,
77,0 ≤ x ≤ 1/2; 0 ≤ y ≤ 1/2; 0 ≤ z ≤ 1,
78,0 ≤ x ≤ 1/2; 0 ≤ y ≤ 1/2; 0 ≤ z ≤ 1,
79,0 ≤ x ≤ 1/2; 0 ≤ y ≤ 1/2; 0 ≤ z ≤ 1/2,
80,0 ≤ x ≤ 1/2; 0 ≤ y ≤ 1; 0 ≤ z ≤ 1/4,
81,0 ≤ x ≤ 1/2; 0 ≤ y ≤ 1/2; 0 ≤ z ≤ 1,
82,0 ≤ x ≤ 1/2; 0 ≤ y ≤ 1/2; 0 ≤ z ≤ 1/2,
83,0 ≤ x ≤ 1/2; 0 ≤ y ≤ 1/2; 0 ≤ z ≤ 1/2,
84,0 ≤ x ≤ 1/2; 0 ≤ y ≤ 1/2; 0 ≤ z ≤ 1/2,
85,0 ≤ x ≤ 1/2; 0 ≤ y ≤ 1/2; 0 ≤ z ≤ 1/2,ORIGIN CHOICE 1
86,0 ≤ x ≤ 1/2; 0 ≤ y ≤ 1; 0 ≤ z ≤ 1/4,ORIGIN CHOICE 1
87,0 ≤ x ≤ 1/2; 0 ≤ y ≤ 1/2; 0 ≤ z ≤ 1/4,
88,0 ≤ x ≤ 1/4; 0 ≤ y ≤ 1/4; 0 ≤ z ≤ 1,ORIGIN CHOICE 1
89,0 ≤ x ≤ 1/2; 0 ≤ y ≤ 1/2; 0 ≤ z ≤ 1/2,
90,0 ≤ x ≤ 1/2; 0 ≤ y ≤ 1/2; 0 ≤ z ≤ 1/2,
91,0 ≤ x ≤ 1; 0 ≤ y ≤ 1; 0 ≤ z ≤ 1/8,
92,0 ≤ x ≤ 1; 0 ≤ y ≤ 1; 0 ≤ z ≤ 1/8,
93,0 ≤ x ≤ 1/2; 0 ≤ y ≤ 1; 0 ≤ z ≤ 1/4,
94,0 ≤ x ≤ 1/2; 0 ≤ y ≤ 1/2; 0 ≤ z ≤ 1/2,
95,0 ≤ x ≤ 1; 0 ≤ y ≤ 1; 0 ≤ z ≤ 1/8,
96,0 ≤ x ≤ 1; 0 ≤ y ≤ 1; 0 ≤ z ≤ 1/8,
97,0 ≤ x ≤ 1/2; 0 ≤ y ≤ 1/2; 0 ≤ z ≤ 1/4,
98,0 ≤ x ≤ 1/2; 0 ≤ y ≤ 1; 0 ≤ z ≤ 1/8,
99,0 ≤ x ≤ 1/2; 0 ≤ y ≤ 1/2; 0 ≤ z ≤ 1; x ≤ y,
100,0 ≤ x ≤ 1/2; 0 ≤ y ≤ 1/2; 0 ≤ z ≤ 1; y ≤ 1/2 - x,
101,0 ≤ x ≤ 1/2; 0 ≤ y ≤ 1/2; 0 ≤ z ≤ 1; x ≤ y,
102,0 ≤ x ≤ 1/2; 0 ≤ y ≤ 1/2; 0 ≤ z ≤ 1; x ≤ y,
103,0 ≤ x ≤ 1/2; 0 ≤ y ≤ 1/2; 0 ≤ z ≤ 1/2,
104,0 ≤ x ≤ 1/2; 0 ≤ y ≤ 1/2; 0 ≤ z ≤ 1/2,
105,0 ≤ x ≤ 1/2; 0 ≤ y ≤ 1/2; 0 ≤ z ≤ 1/2,
106,0 ≤ x ≤ 1/2; 0 ≤ y ≤ 1/2; 0 ≤ z ≤ 1/2,
107,0 ≤ x ≤ 1/2; 0 ≤ y ≤ 1/2; 0 ≤ z ≤ 1/2; x ≤ y,
108,0 ≤ x ≤ 1/2; 0 ≤ y ≤ 1/2; 0 ≤ z ≤ 1/2; y ≤ 1/2 - x,
109,0 ≤ x ≤ 1/2; 0 ≤ y ≤ 1/2; 0 ≤ z ≤ 1/4,
110,0 ≤ x ≤ 1/2; 0 ≤ y ≤ 1/2; 0 ≤ z ≤ 1/4,
111,0 ≤ x ≤ 1/2; 0 ≤ y ≤ 1/2; 0 ≤ z ≤ 1; x ≤ y,
112,0 ≤ x ≤ 1/2; 0 ≤ y ≤ 1/2; 0 ≤ z ≤ 1/2,
113,0 ≤ x ≤ 1/2; 0 ≤ y ≤ 1/2; 0 ≤ z ≤ 1; y ≤ 1/2 - x,
114,0 ≤ x ≤ 1/2; 0 ≤ y ≤ 1/2; 0 ≤ z ≤ 1/2,
115,0 ≤ x ≤ 1/2; 0 ≤ y ≤ 1/2; 0 ≤ z ≤ 1/2,
116,0 ≤ x ≤ 1/2; 0 ≤ y ≤ 1; 0 ≤ z ≤ 1/4,
117,0 ≤ x ≤ 1/2; 0 ≤ y ≤ 1/2; 0 ≤ z ≤ 1/2,
118,0 ≤ x ≤ 1/2; 0 ≤ y ≤ 1; 0 ≤ z ≤ 1/4,
119,0 ≤ x ≤ 1/2; 0 ≤ y ≤ 1/2; 0 ≤ z ≤ 1/4,
120,0 ≤ x ≤ 1/2; 0 ≤ y ≤ 1/2; 0 ≤ z ≤ 1/4,
121,0 ≤ x ≤ 1/2; 0 ≤ y ≤ 1/2; 0 ≤ z ≤ 1/2; x ≤ y,
122,0 ≤ x ≤ 1/2; 0 ≤ y ≤ 1; 0 ≤ z ≤ 1/8,
123,0 ≤ x ≤ 1/2; 0 ≤ y ≤ 1/2; 0 ≤ z ≤ 1/2; x ≤ y,
124,0 ≤ x ≤ 1/2; 0 ≤ y ≤ 1/2; 0 ≤ z ≤ 1/4,
125,0 ≤ x ≤ 1/2; 0 ≤ y ≤ 1/2; 0 ≤ z ≤ 1/2; y ≤ 1/2 - x,ORIGIN CHOICE 1
126,0 ≤ x ≤ 1/2; 0 ≤ y ≤ 1/2; 0 ≤ z ≤ 1/4,ORIGIN CHOICE 1
127,0 ≤ x ≤ 1/2; 0 ≤ y ≤ 1/2; 0 ≤ z ≤ 1/2; y ≤ 1/2 - x,
128,0 ≤ x ≤ 1/2; 0 ≤ y ≤ 1/2; 0 ≤ z ≤ 1/4,
129,0 ≤ x ≤ 1/2; 0 ≤ y ≤ 1/2; 0 ≤ z ≤ 1/2; y ≤ 1/2 - x,ORIGIN CHOICE 1
130,0 ≤ x ≤ 1/2; 0 ≤ y ≤ 1/2; 0 ≤ z ≤ 1/4,ORIGIN CHOICE 1
131,0 ≤ x ≤ 1/2; 0 ≤ y ≤ 1/2; 0 ≤ z ≤ 1/4,
132,0 ≤ x ≤ 1/2; 0 ≤ y ≤ 1/2; 0 ≤ z ≤ 1/2; x ≤ y,
133,0 ≤ x ≤ 1/2; 0 ≤ y ≤ 1/2; 0 ≤ z ≤ 1/4,ORIGIN CHOICE 1
134,0 ≤ x ≤ 1/2; 0 ≤ y ≤ 1; 0 ≤ z ≤ 1/4; x ≤ y; y ≤ 1 - x,ORIGIN CHOICE 1
135,0 ≤ x ≤ 1/2; 0 ≤ y ≤ 1/2; 0 ≤ z ≤ 1/4,
136,0 ≤ x ≤ 1/2; 0 ≤ y ≤ 1/2; 0 ≤ z ≤ 1/2; x ≤ y,
137,0 ≤ x ≤ 1/2; 0 ≤ y ≤ 1/2; 0 ≤ z ≤ 1/4,ORIGIN CHOICE 1
138,0 ≤ x ≤ 1/4; 0 ≤ y ≤ 1/2; 0 ≤ z ≤ 1; x ≤ y; y ≤ 1/2 - x,ORIGIN CHOICE 1
139,0 ≤ x ≤ 1/2; 0 ≤ y ≤ 1/2; 0 ≤ z ≤ 1/4; x ≤ y,
140,0 ≤ x ≤ 1/2; 0 ≤ y ≤ 1/2; 0 ≤ z ≤ 1/4; y ≤ 1/2 - x,
141,0 ≤ x ≤ 1/2; 0 ≤ y ≤ 1/2; 0 ≤ z ≤ 1/8,ORIGIN CHOICE 1
142,0 ≤ x ≤ 1/2; 0 ≤ y ≤ 1/2; 0 ≤ z ≤ 1/8,ORIGIN CHOICE 1
143,"0 ≤ x ≤ 2/3; 0 ≤ y ≤ 2/3; 0 ≤ z ≤ 1; x ≤ (1 + y)/2; y ≤ min(1 - x, (1 + x)/2)",
144,0 ≤ x ≤ 1; 0 ≤ y ≤ 1; 0 ≤ z ≤ 1/3,
145,0 ≤ x ≤ 1; 0 ≤ y ≤ 1; 0 ≤ z ≤ 1/3,
146,"0 ≤ x ≤ 2/3; 0 ≤ y ≤ 2/3; 0 ≤ z ≤ 1/3; x ≤ (1 + y)/2; y ≤ min(1 - x, (1 + x)/2)",HEXAGONAL AXES
147,"0 ≤ x ≤ 2/3; 0 ≤ y ≤ 2/3; 0 ≤ z ≤ 1/2; x ≤ (1 + y)/2; y ≤ min(1 - x, (1 + x)/2)",
148,"0 ≤ x ≤ 2/3; 0 ≤ y ≤ 2/3; 0 ≤ z ≤ 1/6; x ≤ (1 + y)/2; y ≤ min(1 - x, (1 + x)/2)",HEXAGONAL AXES
149,"0 ≤ x ≤ 2/3; 0 ≤ y ≤ 2/3; 0 ≤ z ≤ 1/2; x ≤ (1 + y)/2; y ≤ min(1 - x, (1 + x)/2)",
150,"0 ≤ x ≤ 2/3; 0 ≤ y ≤ 2/3; 0 ≤ z ≤ 1/2; x ≤ (1 + y)/2; y ≤ min(1 - x, (1 + x)/2)",
151,0 ≤ x ≤ 1; 0 ≤ y ≤ 1; 0 ≤ z ≤ 1/6,
152,0 ≤ x ≤ 1; 0 ≤ y ≤ 1; 0 ≤ z ≤ 1/6,
153,0 ≤ x ≤ 1; 0 ≤ y ≤ 1; 0 ≤ z ≤ 1/6,
154,0 ≤ x ≤ 1; 0 ≤ y ≤ 1; 0 ≤ z ≤ 1/6,
155,"0 ≤ x ≤ 2/3; 0 ≤ y ≤ 2/3; 0 ≤ z ≤ 1/6; x ≤ (1 + y)/2; y ≤ min(1 - x, (1 + x)/2)",HEXAGONAL AXES
156,"0 ≤ x ≤ 2/3; 0 ≤ y ≤ 2/3; 0 ≤ z ≤ 1; x ≤ 2y; y ≤ min(1 - x, 2x)",
157,"0 ≤ x ≤ 2/3; 0 ≤ y ≤ 1/2; 0 ≤ z ≤ 1; x ≤ (y + 1)/2; y ≤ min(1 - x, x)",
158,"0 ≤ x ≤ 2/3; 0 ≤ y ≤ 2/3; 0 ≤ z ≤ 1/2; x ≤ (1 + y)/2; y ≤ min(1 - x, (1 + x)/2)",
159,"0 ≤ x ≤ 2/3; 0 ≤ y ≤ 2/3; 0 ≤ z ≤ 1/2; x ≤ (1 + y)/2; y ≤ min(1 - x, (1 + x)/2)",
160,"0 ≤ x ≤ 2/3; 0 ≤ y ≤ 2/3; 0 ≤ z ≤ 1/3; x ≤ 2y; y ≤ min(1 - x, 2x)",HEXAGONAL AXES
161,"0 ≤ x ≤ 2/3; 0 ≤ y ≤ 2/3; 0 ≤ z ≤ 1/6; x ≤ (1 + y)/2; y ≤ min(1 - x, (1 + x)/2)",HEXAGONAL AXES
162,"0 ≤ x ≤ 2/3; 0 ≤ y ≤ 1/2; 0 ≤ z ≤ 1/2; x ≤ (1 + y)/2; y ≤ min(1 - x, x)",
163,"0 ≤ x ≤ 2/3; 0 ≤ y ≤ 2/3; 0 ≤ z ≤ 1/4; x ≤ (1 + y)/2; y ≤ min(1 - x, (1 + x)/2)",
164,0 ≤ x ≤ 2/3; 0 ≤ y ≤ 1/3; 0 ≤ z ≤ 1; x ≤ (1 + y)/2; y ≤ x/2,
165,"0 ≤ x ≤ 2/3; 0 ≤ y ≤ 2/3; 0 ≤ z ≤ 1/4; x ≤ (1 + y)/2; y ≤ min(1 - x, (1 + x)/2)",
166,"0 ≤ x ≤ 2/3; 0 ≤ y ≤ 2/3; 0 ≤ z ≤ 1/6; x ≤ 2y; y ≤ min(1 - x, 2x)",HEXAGONAL AXES
167,"0 ≤ x ≤ 2/3; 0 ≤ y ≤ 2/3; 0 ≤ z ≤ 1/12; x ≤ (1 + y)/2; y ≤ min(1 - x, (1 + x)/2)",HEXAGONAL AXES
168,"0 ≤ x ≤ 2/3; 0 ≤ y ≤ 1/2; 0 ≤ z ≤ 1; x ≤ (1 + y)/2; y ≤ min(1 - x, x)",
169,0 ≤ x ≤ 1; 0 ≤ y ≤ 1; 0 ≤ z ≤ 1/6,
170,0 ≤ x ≤ 1; 0 ≤ y ≤ 1; 0 ≤ z ≤ 1/6,
171,0 ≤ x ≤ 1; 0 ≤ y ≤ 1; 0 ≤ z ≤ 1/3; y ≤ x,
172,0 ≤ x ≤ 1; 0 ≤ y ≤ 1; 0 ≤ z ≤ 1/3; y ≤ x,
173,"0 ≤ x ≤ 2/3; 0 ≤ y ≤ 2/3; 0 ≤ z ≤ 1/2; x ≤ (1 + y)/2; y ≤ min(1 - x, (1 + x)/2)",
174,"0 ≤ x ≤ 2/3; 0 ≤ y ≤ 2/3; 0 ≤ z ≤ 1/2; x ≤ (1 + y)/2; y ≤ min(1 - x, (1 + x)/2)",
175,"0 ≤ x ≤ 2/3; 0 ≤ y ≤ 1/2; 0 ≤ z ≤ 1/2; x ≤ (1 + y)/2; y ≤ min(1 - x, x)",
176,"0 ≤ x ≤ 2/3; 0 ≤ y ≤ 2/3; 0 ≤ z ≤ 1/4; x ≤ (1 + y)/2; y ≤ min(1 - x, (1 + x)/2)",
177,"0 ≤ x ≤ 2/3; 0 ≤ y ≤ 1/2; 0 ≤ z ≤ 1/2; x ≤ (1 + y)/2; y ≤ min(1 - x, x)",
178,0 ≤ x ≤ 1; 0 ≤ y ≤ 1; 0 ≤ z ≤ 1/12,
179,0 ≤ x ≤ 1; 0 ≤ y ≤ 1; 0 ≤ z ≤ 1/12,
180,0 ≤ x ≤ 1; 0 ≤ y ≤ 1; 0 ≤ z ≤ 1/6; y ≤ x,
181,0 ≤ x ≤ 1; 0 ≤ y ≤ 1; 0 ≤ z ≤ 1/6; y ≤ x,
182,"0 ≤ x ≤ 2/3; 0 ≤ y ≤ 2/3; 0 ≤ z ≤ 1/4; x ≤ (1 + y)/2; y ≤ min(1 - x, (1 + x)/2)",
183,0 ≤ x ≤ 2/3; 0 ≤ y ≤ 1/3; 0 ≤ z ≤ 1; x ≤ (1 + y)/2; y ≤ x/2,
184,"0 ≤ x ≤ 2/3; 0 ≤ y ≤ 1/2; 0 ≤ z ≤ 1/2; x ≤ (1 + y)/2; y ≤ min(1 - x, x)",
185,"0 ≤ x ≤ 2/3; 0 ≤ y ≤ 1/2; 0 ≤ z ≤ 1/2; x ≤ (1 + y)/2; y ≤ min(1 - x, x)",
186,0 ≤ x ≤ 2/3; 0 ≤ y ≤ 1/3; 0 ≤ z ≤ 1; x ≤ (1 + y)/2; y ≤ x/2,
187,"0 ≤ x ≤ 2/3; 0 ≤ y ≤ 2/3; 0 ≤ z ≤ 1/2; x ≤ 2y; y ≤ min(1 - x, 2x)",
188,"0 ≤ x ≤ 2/3; 0 ≤ y ≤ 2/3; 0 ≤ z ≤ 1/4; x ≤ (1 + y)/2; y ≤ min(1 - x, (1 + x)/2)",
189,"0 ≤ x ≤ 2/3; 0 ≤ y ≤ 1/2; 0 ≤ z ≤ 1/2; x ≤ (1 + y)/2; y ≤ min(1 - x, x)",
190,"0 ≤ x ≤ 2/3; 0 ≤ y ≤ 2/3; 0 ≤ z ≤ 1/4; x ≤ (1 + y)/2; y ≤ min(1 - x, (1 + x)/2)",
191,0 ≤ x ≤ 2/3; 0 ≤ y ≤ 1/3; 0 ≤ z ≤ 1/2; x ≤ (1 + y)/2; y ≤ x/2,
192,"0 ≤ x ≤ 2/3; 0 ≤ y ≤ 1/2; 0 ≤ z ≤ 1/4; x ≤ (1 + y)/2; y ≤ min(1 - x, x)",
193,"0 ≤ x ≤ 2/3; 0 ≤ y ≤ 1/2; 0 ≤ z ≤ 1/4; x ≤ (1 + y)/2; y ≤ min(1 - x, x)",
194,"0 ≤ x ≤ 2/3; 0 ≤ y ≤ 2/3; 0 ≤ z ≤ 1/4; x ≤ 2y; y ≤ min(1 - x, 2x)",
195,"0 ≤ x ≤ 1; 0 ≤ y ≤ 1; 0 ≤ z ≤ 1/2; y ≤ 1 - x; z ≤ min(x, y)",
196,"0 ≤ x ≤ 1/2; 0 ≤ y ≤ 1/2; -1/4 ≤ z ≤ 1/4; y ≤ x; max(x - 1/2, -y) ≤ z ≤ min(1/2 - x, y)",
197,"0 ≤ x ≤ 1; 0 ≤ y ≤ 1/2; 0 ≤ z ≤ 1/2; y ≤ min(x, 1 - x); z ≤ y",
198,"0 ≤ x ≤ 1/2; 0 ≤ y ≤ 1/2; -1/2 ≤ z ≤ 1/2; max(x - 1/2, -y) ≤ z ≤ min(x, y)",
199,"0 ≤ x ≤ 1/2; 0 ≤ y ≤ 1/2; 0 ≤ z ≤ 1/2; z ≤ min(x, y)",
200,"0 ≤ x ≤ 1/2; 0 ≤ y ≤ 1/2; 0 ≤ z ≤ 1/2; z ≤ min(x, y)",
201,"0 ≤ x ≤ 1; 0 ≤ y ≤ 1/2; 0 ≤ z ≤ 1/2; y ≤ min(x, 1 - x); z ≤ y",ORIGIN CHOICE 1
202,"0 ≤ x ≤ 1/2; 0 ≤ y ≤ 1/2; 0 ≤ z ≤ 1/4; y ≤ x; z ≤ min(1/2 - x, y)",
203,"0 ≤ x ≤ 1/2; 0 ≤ y ≤ 1/4; -1/4 ≤ z ≤ 1/4; y ≤ min(x, 1/2 - x); -y ≤ z ≤ y",ORIGIN CHOICE 1
204,0 ≤ x ≤ 1/2; 0 ≤ y ≤ 1/2; 0 ≤ z ≤ 1/2; y ≤ x; z ≤ y,
205,"0 ≤ x ≤ 1/2; 0 ≤ y ≤ 1/2; 0 ≤ z ≤ 1/2; z ≤ min(x, y)",
206,"0 ≤ x ≤ 1/2; 0 ≤ y ≤ 1/2; 0 ≤ z ≤ 1/4; z ≤ min(x, 1/2 - x, y, 1/2 - y)",
207,"0 ≤ x ≤ 1; 0 ≤ y ≤ 1/2; 0 ≤ z ≤ 1/2; y ≤ min(x, 1 - x); z ≤ y",
208,"0 ≤ x ≤ 1/2; 0 ≤ y ≤ 1/2; -1/4 ≤ z ≤ 1/4; max(-x, x - 1/2, -y, y - 1/2) ≤ z ≤ min(x, 1/2 - x, y, 1/2 - y)",
209,"0 ≤ x ≤ 1/2; 0 ≤ y ≤ 1/4; -1/4 ≤ z ≤ 1/4; y ≤ min(x, 1/2 - x); -y ≤ z ≤ y",
210,"0 ≤ x ≤ 1/2; -1/8 ≤ y ≤ 1/8; -1/8 ≤ z ≤ 1/8; y ≤ min(x, 1/2 - x); -y ≤ z ≤ min(x, 1/2 - x)",
211,"0 ≤ x ≤ 1/2; 0 ≤ y ≤ 1/2; 0 ≤ z ≤ 1/4; z ≤ min(x, 1/2 - x, y, 1/2 - y)",
212,"0 ≤ x ≤ 1/2; 0 ≤ y ≤ 3/4; -1/2 ≤ z ≤ 1/4; max(-y, x - 1/2) ≤ z ≤ min(-y + 1/2, 2x - y, 2y - x, y - 2x + 1/2)",
213,"-1/4 ≤ x ≤ 1/2; 0 ≤ y ≤ 3/4; 0 ≤ z ≤ 1/2; x ≤ y ≤ x + 1/2; (y - x)/2 ≤ z ≤ min(y, (-4x - 2y + 3)/2, (3 - 2x - 2y)/4)",
214,"-3/8 ≤ x ≤ 1/8; -1/8 ≤ y ≤ 1/8; -1/8 ≤ z ≤ 3/8; max(x, y, y - x - 1/8) ≤ z ≤ y + 1/4",
215,"0 ≤ x ≤ 1; 0 ≤ y ≤ 1/2; 0 ≤ z ≤ 1/2; y ≤ min(x, 1 - x); z ≤ y",
216,"0 ≤ x ≤ 1/2; 0 ≤ y ≤ 1/4; -1/4 ≤ z ≤ 1/4; y ≤ min(x, 1/2 - x); -y ≤ z ≤ y",
217,0 ≤ x ≤ 1/2; 0 ≤ y ≤ 1/2; 0 ≤ z ≤ 1/2; y ≤ x; z ≤ y,
218,"0 ≤ x ≤ 1/2; 0 ≤ y ≤ 1/2; 0 ≤ z ≤ 1/2; z ≤ min(x, y)",
219,"0 ≤ x ≤ 1/2; 0 ≤ y ≤ 1/4; -1/4 ≤ z ≤ 1/4; y ≤ min(x, 1/2 - x); -y ≤ z ≤ y",
220,"1/4 ≤ x ≤ 1/2; 1/4 ≤ y ≤ 1/2; 0 ≤ z ≤ 1/2; z ≤ min(x, y)",
221,0 ≤ x ≤ 1/2; 0 ≤ y ≤ 1/2; 0 ≤ z ≤ 1/2; y ≤ x; z ≤ y,
222,0 ≤ x ≤ 1/2; 0 ≤ y ≤ 1/2; 0 ≤ z ≤ 1/2; y ≤ x; z ≤ y,ORIGIN CHOICE 1
223,"0 ≤ x ≤ 1/2; 0 ≤ y ≤ 1/2; 0 ≤ z ≤ 1/4; z ≤ min(x, 1/2 - x, y, 1/2 - y)",
224,"0 ≤ x ≤ 1/2; 0 ≤ y ≤ 1/2; -1/4 ≤ z ≤ 1/4; y ≤ x; max(x - 1/2, -y) ≤ z ≤ min(1/2 - x, y)",ORIGIN CHOICE 1
225,"0 ≤ x ≤ 1/2; 0 ≤ y ≤ 1/4; 0 ≤ z ≤ 1/4; y ≤ min(x, 1/2 - x); z ≤ y",
226,"0 ≤ x ≤ 1/2; 0 ≤ y ≤ 1/4; 0 ≤ z ≤ 1/4; y ≤ min(x, 1/2 - x); z ≤ y",
227,"0 ≤ x ≤ 1/2; 0 ≤ y ≤ 1/8; -1/8 ≤ z ≤ 1/8; y ≤ min(1/2 - x, x); -y ≤ z ≤ y",ORIGIN CHOICE 1
228,"0 ≤ x ≤ 1/2; 0 ≤ y ≤ 1/8; -1/8 ≤ z ≤ 1/8; y ≤ min(1/2 - x, x); -y ≤ z ≤ y",ORIGIN CHOICE 1
229,"0 ≤ x ≤ 1/2; 0 ≤ y ≤ 1/2; 0 ≤ z ≤ 1/4; y ≤ x; z ≤ min(1/2 - x, y)",
230,"-1/8 ≤ x ≤ 1/8; -1/8 ≤ y ≤ 1/8; 0 ≤ z ≤ 1/4; max(x, -x, y, -y) ≤ z",
