SpaceGroup,MultiplicityConventional,MultiplicityPrimitive,Wyckoffletter,Sitesymmetry,Coordinates
1,1,1.0,a,1,"x,y,z"
2,2,2.0,i,1,"x,y,z"
2,1,1.0,h,-1,"1/2,1/2,1/2"
2,1,1.0,g,-1,"0,1/2,1/2"
2,1,1.0,f,-1,"1/2,0,1/2"
2,1,1.0,e,-1,"1/2,1/2,0"
2,1,1.0,d,-1,"1/2,0,0"
2,1,1.0,c,-1,"0,1/2,0"
2,1,1.0,b,-1,"0,0,1/2"
2,1,1.0,a,-1,"0,0,0"
3,2,2.0,e,1,"x,y,z"
3,1,1.0,d,2,"1/2,y,1/2"
3,1,1.0,c,2,"1/2,y,0"
3,1,1.0,b,2,"0,y,1/2"
3,1,1.0,a,2,"0,y,0"
4,2,2.0,a,1,"x,y,z"
5,4,2.0,c,1,"x,y,z"
5,2,1.0,b,2,"0,y,1/2"
5,2,1.0,a,2,"0,y,0"
6,2,2.0,c,1,"x,y,z"
6,1,1.0,b,m,"x,1/2,z"
6,1,1.0,a,m,"x,0,z"
7,2,2.0,a,1,"x,y,z"
8,4,2.0,b,1,"x,y,z"
8,2,1.0,a,m,"x,0,z"
9,4,2.0,a,1,"x,y,z"
10,4,4.0,o,1,"x,y,z"
10,2,2.0,n,m,"x,1/2,z"
10,2,2.0,m,m,"x,0,z"
10,2,2.0,l,2,"1/2,y,1/2"
10,2,2.0,k,2,"0,y,1/2"
10,2,2.0,j,2,"1/2,y,0"
10,2,2.0,i,2,"0,y,0"
10,1,1.0,h,2/m,"1/2,1/2,1/2"
10,1,1.0,g,2/m,"1/2,0,1/2"
10,1,1.0,f,2/m,"0,1/2,1/2"
10,1,1.0,e,2/m,"1/2,1/2,0"
10,1,1.0,d,2/m,"1/2,0,0"
10,1,1.0,c,2/m,"0,0,1/2"
10,1,1.0,b,2/m,"0,1/2,0"
10,1,1.0,a,2/m,"0,0,0"
11,4,4.0,f,1,"x,y,z"
11,2,2.0,e,m,"x,1/4,z"
11,2,2.0,d,-1,"1/2,0,1/2"
11,2,2.0,c,-1,"0,0,1/2"
11,2,2.0,b,-1,"1/2,0,0"
11,2,2.0,a,-1,"0,0,0"
12,8,4.0,j,1,"x,y,z"
12,4,2.0,i,m,"x,0,z"
12,4,2.0,h,2,"0,y,1/2"
12,4,2.0,g,2,"0,y,0"
12,4,2.0,f,-1,"1/4,1/4,1/2"
12,4,2.0,e,-1,"1/4,1/4,0"
12,2,1.0,d,2/m,"0,1/2,1/2"
12,2,1.0,c,2/m,"0,0,1/2"
12,2,1.0,b,2/m,"0,1/2,0"
12,2,1.0,a,2/m,"0,0,0"
13,4,4.0,g,1,"x,y,z"
13,2,2.0,f,2,"1/2,y,1/4"
13,2,2.0,e,2,"0,y,1/4"
13,2,2.0,d,-1,"1/2,0,0"
13,2,2.0,c,-1,"0,1/2,0"
13,2,2.0,b,-1,"1/2,1/2,0"
13,2,2.0,a,-1,"0,0,0"
14,4,4.0,e,1,"x,y,z"
14,2,2.0,d,-1,"1/2,0,1/2"
14,2,2.0,c,-1,"0,0,1/2"
14,2,2.0,b,-1,"1/2,0,0"
14,2,2.0,a,-1,"0,0,0"
15,8,4.0,f,1,"x,y,z"
15,4,2.0,e,2,"0,y,1/4"
15,4,2.0,d,-1,"1/4,1/4,1/2"
15,4,2.0,c,-1,"1/4,1/4,0"
15,4,2.0,b,-1,"0,1/2,0"
15,4,2.0,a,-1,"0,0,0"
16,4,4.0,u,1,"x,y,z"
16,2,2.0,t,..2,"1/2,1/2,z"
16,2,2.0,s,..2,"0,1/2,z"
16,2,2.0,r,..2,"1/2,0,z"
16,2,2.0,q,..2,"0,0,z"
16,2,2.0,p,.2.,"1/2,y,1/2"
16,2,2.0,o,.2.,"1/2,y,0"
16,2,2.0,n,.2.,"0,y,1/2"
16,2,2.0,m,.2.,"0,y,0"
16,2,2.0,l,2..,"x,1/2,1/2"
16,2,2.0,k,2..,"x,1/2,0"
16,2,2.0,j,2..,"x,0,1/2"
16,2,2.0,i,2..,"x,0,0"
16,1,1.0,h,222,"1/2,1/2,1/2"
16,1,1.0,g,222,"0,1/2,1/2"
16,1,1.0,f,222,"1/2,0,1/2"
16,1,1.0,e,222,"1/2,1/2,0"
16,1,1.0,d,222,"0,0,1/2"
16,1,1.0,c,222,"0,1/2,0"
16,1,1.0,b,222,"1/2,0,0"
16,1,1.0,a,222,"0,0,0"
17,4,4.0,e,1,"x,y,z"
17,2,2.0,d,.2.,"1/2,y,1/4"
17,2,2.0,c,.2.,"0,y,1/4"
17,2,2.0,b,2..,"x,1/2,0"
17,2,2.0,a,2..,"x,0,0"
18,4,4.0,c,1,"x,y,z"
18,2,2.0,b,..2,"0,1/2,z"
18,2,2.0,a,..2,"0,0,z"
19,4,4.0,a,1,"x,y,z"
20,8,4.0,c,1,"x,y,z"
20,4,2.0,b,.2.,"0,y,1/4"
20,4,2.0,a,2..,"x,0,0"
21,8,4.0,l,1,"x,y,z"
21,4,2.0,k,..2,"1/4,1/4,z"
21,4,2.0,j,..2,"0,1/2,z"
21,4,2.0,i,..2,"0,0,z"
21,4,2.0,h,.2.,"0,y,1/2"
21,4,2.0,g,.2.,"0,y,0"
21,4,2.0,f,2..,"x,0,1/2"
21,4,2.0,e,2..,"x,0,0"
21,2,1.0,d,222,"0,0,1/2"
21,2,1.0,c,222,"1/2,0,1/2"
21,2,1.0,b,222,"0,1/2,0"
21,2,1.0,a,222,"0,0,0"
22,16,4.0,k,1,"x,y,z"
22,8,2.0,j,2..,"x,1/4,1/4"
22,8,2.0,i,.2.,"1/4,y,1/4"
22,8,2.0,h,..2,"1/4,1/4,z"
22,8,2.0,g,..2,"0,0,z"
22,8,2.0,f,.2.,"0,y,0"
22,8,2.0,e,2..,"x,0,0"
22,4,1.0,d,222,"1/4,1/4,3/4"
22,4,1.0,c,222,"1/4,1/4,1/4"
22,4,1.0,b,222,"0,0,1/2"
22,4,1.0,a,222,"0,0,0"
23,8,4.0,k,1,"x,y,z"
23,4,2.0,j,..2,"0,1/2,z"
23,4,2.0,i,..2,"0,0,z"
23,4,2.0,h,.2.,"1/2,y,0"
23,4,2.0,g,.2.,"0,y,0"
23,4,2.0,f,2..,"x,0,1/2"
23,4,2.0,e,2..,"x,0,0"
23,2,1.0,d,222,"0,1/2,0"
23,2,1.0,c,222,"0,0,1/2"
23,2,1.0,b,222,"1/2,0,0"
23,2,1.0,a,222,"0,0,0"
24,8,4.0,d,1,"x,y,z"
24,4,2.0,c,..2,"0,1/4,z"
24,4,2.0,b,.2.,"1/4,y,0"
24,4,2.0,a,2..,"x,0,1/4"
25,4,4.0,i,1,"x,y,z"
25,2,2.0,h,m..,"1/2,y,z"
25,2,2.0,g,m..,"0,y,z"
25,2,2.0,f,.m.,"x,1/2,z"
25,2,2.0,e,.m.,"x,0,z"
25,1,1.0,d,mm2,"1/2,1/2,z"
25,1,1.0,c,mm2,"1/2,0,z"
25,1,1.0,b,mm2,"0,1/2,z"
25,1,1.0,a,mm2,"0,0,z"
26,4,4.0,c,1,"x,y,z"
26,2,2.0,b,m..,"1/2,y,z"
26,2,2.0,a,m..,"0,y,z"
27,4,4.0,e,1,"x,y,z"
27,2,2.0,d,..2,"1/2,1/2,z"
27,2,2.0,c,..2,"1/2,0,z"
27,2,2.0,b,..2,"0,1/2,z"
27,2,2.0,a,..2,"0,0,z"
28,4,4.0,d,1,"x,y,z"
28,2,2.0,c,m..,"1/4,y,z"
28,2,2.0,b,..2,"0,1/2,z"
28,2,2.0,a,..2,"0,0,z"
29,4,4.0,a,1,"x,y,z"
30,4,4.0,c,1,"x,y,z"
30,2,2.0,b,..2,"1/2,0,z"
30,2,2.0,a,..2,"0,0,z"
31,4,4.0,b,1,"x,y,z"
31,2,2.0,a,m..,"0,y,z"
32,4,4.0,c,1,"x,y,z"
32,2,2.0,b,..2,"0,1/2,z"
32,2,2.0,a,..2,"0,0,z"
33,4,4.0,a,1,"x,y,z"
34,4,4.0,c,1,"x,y,z"
34,2,2.0,b,..2,"0,1/2,z"
34,2,2.0,a,..2,"0,0,z"
35,8,4.0,f,1,"x,y,z"
35,4,2.0,e,m..,"0,y,z"
35,4,2.0,d,.m.,"x,0,z"
35,4,2.0,c,..2,"1/4,1/4,z"
35,2,1.0,b,mm2,"0,1/2,z"
35,2,1.0,a,mm2,"0,0,z"
36,8,4.0,b,1,"x,y,z"
36,4,2.0,a,m..,"0,y,z"
37,8,4.0,d,1,"x,y,z"
37,4,2.0,c,..2,"1/4,1/4,z"
37,4,2.0,b,..2,"0,1/2,z"
37,4,2.0,a,..2,"0,0,z"
38,8,4.0,f,1,"x,y,z"
38,4,2.0,e,m..,"1/2,y,z"
38,4,2.0,d,m..,"0,y,z"
38,4,2.0,c,.m.,"x,0,z"
38,2,1.0,b,mm2,"1/2,0,z"
38,2,1.0,a,mm2,"0,0,z"
39,8,4.0,d,1,"x,y,z"
39,4,2.0,c,.m.,"x,1/4,z"
39,4,2.0,b,..2,"1/2,0,z"
39,4,2.0,a,..2,"0,0,z"
40,8,4.0,c,1,"x,y,z"
40,4,2.0,b,m..,"1/4,y,z"
40,4,2.0,a,..2,"0,0,z"
41,8,4.0,b,1,"x,y,z"
41,4,2.0,a,..2,"0,0,z"
42,16,4.0,e,1,"x,y,z"
42,8,2.0,d,.m.,"x,0,z"
42,8,2.0,c,m..,"0,y,z"
42,8,2.0,b,..2,"1/4,1/4,z"
42,4,1.0,a,mm2,"0,0,z"
43,16,4.0,b,1,"x,y,z"
43,8,2.0,a,..2,"0,0,z"
44,8,4.0,e,1,"x,y,z"
44,4,2.0,d,m..,"0,y,z"
44,4,2.0,c,.m.,"x,0,z"
44,2,1.0,b,mm2,"0,1/2,z"
44,2,1.0,a,mm2,"0,0,z"
45,8,4.0,c,1,"x,y,z"
45,4,2.0,b,..2,"0,1/2,z"
45,4,2.0,a,..2,"0,0,z"
46,8,4.0,c,1,"x,y,z"
46,4,2.0,b,m..,"1/4,y,z"
46,4,2.0,a,..2,"0,0,z"
47,8,8.0,A,1,"x,y,z"
47,4,4.0,z,..m,"x,y,1/2"
47,4,4.0,y,..m,"x,y,0"
47,4,4.0,x,.m.,"x,1/2,z"
47,4,4.0,w,.m.,"x,0,z"
47,4,4.0,v,m..,"1/2,y,z"
47,4,4.0,u,m..,"0,y,z"
47,2,2.0,t,mm2,"1/2,1/2,z"
47,2,2.0,s,mm2,"1/2,0,z"
47,2,2.0,r,mm2,"0,1/2,z"
47,2,2.0,q,mm2,"0,0,z"
47,2,2.0,p,m2m,"1/2,y,1/2"
47,2,2.0,o,m2m,"1/2,y,0"
47,2,2.0,n,m2m,"0,y,1/2"
47,2,2.0,m,m2m,"0,y,0"
47,2,2.0,l,2mm,"x,1/2,1/2"
47,2,2.0,k,2mm,"x,1/2,0"
47,2,2.0,j,2mm,"x,0,1/2"
47,2,2.0,i,2mm,"x,0,0"
47,1,1.0,h,mmm,"1/2,1/2,1/2"
47,1,1.0,g,mmm,"0,1/2,1/2"
47,1,1.0,f,mmm,"1/2,1/2,0"
47,1,1.0,e,mmm,"0,1/2,0"
47,1,1.0,d,mmm,"1/2,0,1/2"
47,1,1.0,c,mmm,"0,0,1/2"
47,1,1.0,b,mmm,"1/2,0,0"
47,1,1.0,a,mmm,"0,0,0"
48,8,8.0,m,1,"x,y,z"
48,4,4.0,l,..2,"0,1/2,z"
48,4,4.0,k,..2,"0,0,z"
48,4,4.0,j,.2.,"1/2,y,0"
48,4,4.0,i,.2.,"0,y,0"
48,4,4.0,h,2..,"x,0,1/2"
48,4,4.0,g,2..,"x,0,0"
48,4,4.0,f,-1,"3/4,3/4,3/4"
48,4,4.0,e,-1,"1/4,1/4,1/4"
48,2,2.0,d,222,"0,1/2,0"
48,2,2.0,c,222,"0,0,1/2"
48,2,2.0,b,222,"1/2,0,0"
48,2,2.0,a,222,"0,0,0"
49,8,8.0,r,1,"x,y,z"
49,4,4.0,q,..m,"x,y,0"
49,4,4.0,p,..2,"1/2,0,z"
49,4,4.0,o,..2,"0,1/2,z"
49,4,4.0,n,..2,"1/2,1/2,z"
49,4,4.0,m,..2,"0,0,z"
49,4,4.0,l,.2.,"1/2,y,1/4"
49,4,4.0,k,.2.,"0,y,1/4"
49,4,4.0,j,2..,"x,1/2,1/4"
49,4,4.0,i,2..,"x,0,1/4"
49,2,2.0,h,222,"1/2,1/2,1/4"
49,2,2.0,g,222,"0,1/2,1/4"
49,2,2.0,f,222,"1/2,0,1/4"
49,2,2.0,e,222,"0,0,1/4"
49,2,2.0,d,..2/m,"1/2,0,0"
49,2,2.0,c,..2/m,"0,1/2,0"
49,2,2.0,b,..2/m,"1/2,1/2,0"
49,2,2.0,a,..2/m,"0,0,0"
50,8,8.0,m,1,"x,y,z"
50,4,4.0,l,..2,"0,1/2,z"
50,4,4.0,k,..2,"0,0,z"
50,4,4.0,j,.2.,"0,y,1/2"
50,4,4.0,i,.2.,"0,y,0"
50,4,4.0,h,2..,"x,0,1/2"
50,4,4.0,g,2..,"x,0,0"
50,4,4.0,f,-1,"1/4,1/4,1/2"
50,4,4.0,e,-1,"1/4,1/4,0"
50,2,2.0,d,222,"0,0,1/2"
50,2,2.0,c,222,"1/2,0,1/2"
50,2,2.0,b,222,"1/2,0,0"
50,2,2.0,a,222,"0,0,0"
51,8,8.0,l,1,"x,y,z"
51,4,4.0,k,m..,"1/4,y,z"
51,4,4.0,j,.m.,"x,1/2,z"
51,4,4.0,i,.m.,"x,0,z"
51,4,4.0,h,.2.,"0,y,1/2"
51,4,4.0,g,.2.,"0,y,0"
51,2,2.0,f,mm2,"1/4,1/2,z"
51,2,2.0,e,mm2,"1/4,0,z"
51,2,2.0,d,.2/m.,"0,1/2,1/2"
51,2,2.0,c,.2/m.,"0,0,1/2"
51,2,2.0,b,.2/m.,"0,1/2,0"
51,2,2.0,a,.2/m.,"0,0,0"
52,8,8.0,e,1,"x,y,z"
52,4,4.0,d,2..,"x,1/4,1/4"
52,4,4.0,c,..2,"1/4,0,z"
52,4,4.0,b,-1,"0,0,1/2"
52,4,4.0,a,-1,"0,0,0"
53,8,8.0,i,1,"x,y,z"
53,4,4.0,h,m..,"0,y,z"
53,4,4.0,g,.2.,"1/4,y,1/4"
53,4,4.0,f,2..,"x,1/2,0"
53,4,4.0,e,2..,"x,0,0"
53,2,2.0,d,2/m..,"0,1/2,0"
53,2,2.0,c,2/m..,"1/2,1/2,0"
53,2,2.0,b,2/m..,"1/2,0,0"
53,2,2.0,a,2/m..,"0,0,0"
54,8,8.0,f,1,"x,y,z"
54,4,4.0,e,..2,"1/4,1/2,z"
54,4,4.0,d,..2,"1/4,0,z"
54,4,4.0,c,.2.,"0,y,1/4"
54,4,4.0,b,-1,"0,1/2,0"
54,4,4.0,a,-1,"0,0,0"
55,8,8.0,i,1,"x,y,z"
55,4,4.0,h,..m,"x,y,1/2"
55,4,4.0,g,..m,"x,y,0"
55,4,4.0,f,..2,"0,1/2,z"
55,4,4.0,e,..2,"0,0,z"
55,2,2.0,d,..2/m,"0,1/2,1/2"
55,2,2.0,c,..2/m,"0,1/2,0"
55,2,2.0,b,..2/m,"0,0,1/2"
55,2,2.0,a,..2/m,"0,0,0"
56,8,8.0,e,1,"x,y,z"
56,4,4.0,d,..2,"1/4,3/4,z"
56,4,4.0,c,..2,"1/4,1/4,z"
56,4,4.0,b,-1,"0,0,1/2"
56,4,4.0,a,-1,"0,0,0"
57,8,8.0,e,1,"x,y,z"
57,4,4.0,d,..m,"x,y,1/4"
57,4,4.0,c,2..,"x,1/4,0"
57,4,4.0,b,-1,"1/2,0,0"
57,4,4.0,a,-1,"0,0,0"
58,8,8.0,h,1,"x,y,z"
58,4,4.0,g,..m,"x,y,0"
58,4,4.0,f,..2,"0,1/2,z"
58,4,4.0,e,..2,"0,0,z"
58,2,2.0,d,..2/m,"0,1/2,1/2"
58,2,2.0,c,..2/m,"0,1/2,0"
58,2,2.0,b,..2/m,"0,0,1/2"
58,2,2.0,a,..2/m,"0,0,0"
59,8,8.0,g,1,"x,y,z"
59,4,4.0,f,.m.,"x,0,z"
59,4,4.0,e,m..,"0,y,z"
59,4,4.0,d,-1,"1/4,1/4,1/2"
59,4,4.0,c,-1,"1/4,1/4,0"
59,2,2.0,b,mm2,"0,1/2,z"
59,2,2.0,a,mm2,"0,0,z"
60,8,8.0,d,1,"x,y,z"
60,4,4.0,c,.2.,"0,y,1/4"
60,4,4.0,b,-1,"0,1/2,0"
60,4,4.0,a,-1,"0,0,0"
61,8,8.0,c,1,"x,y,z"
61,4,4.0,b,-1,"0,0,1/2"
61,4,4.0,a,-1,"0,0,0"
62,8,8.0,d,1,"x,y,z"
62,4,4.0,c,.m.,"x,1/4,z"
62,4,4.0,b,-1,"0,0,1/2"
62,4,4.0,a,-1,"0,0,0"
63,16,8.0,h,1,"x,y,z"
63,8,4.0,g,..m,"x,y,1/4"
63,8,4.0,f,m..,"0,y,z"
63,8,4.0,e,2..,"x,0,0"
63,8,4.0,d,-1,"1/4,1/4,0"
63,4,2.0,c,m2m,"0,y,1/4"
63,4,2.0,b,2/m..,"0,1/2,0"
63,4,2.0,a,2/m..,"0,0,0"
64,16,8.0,g,1,"x,y,z"
64,8,4.0,f,m..,"0,y,z"
64,8,4.0,e,.2.,"1/4,y,1/4"
64,8,4.0,d,2..,"x,0,0"
64,8,4.0,c,-1,"1/4,1/4,0"
64,4,2.0,b,2/m..,"1/2,0,0"
64,4,2.0,a,2/m..,"0,0,0"
65,16,8.0,r,1,"x,y,z"
65,8,4.0,q,..m,"x,y,1/2"
65,8,4.0,p,..m,"x,y,0"
65,8,4.0,o,.m.,"x,0,z"
65,8,4.0,n,m..,"0,y,z"
65,8,4.0,m,..2,"1/4,1/4,z"
65,4,2.0,l,mm2,"0,1/2,z"
65,4,2.0,k,mm2,"0,0,z"
65,4,2.0,j,m2m,"0,y,1/2"
65,4,2.0,i,m2m,"0,y,0"
65,4,2.0,h,2mm,"x,0,1/2"
65,4,2.0,g,2mm,"x,0,0"
65,4,2.0,f,..2/m,"1/4,1/4,1/2"
65,4,2.0,e,..2/m,"1/4,1/4,0"
65,2,1.0,d,mmm,"0,0,1/2"
65,2,1.0,c,mmm,"1/2,0,1/2"
65,2,1.0,b,mmm,"1/2,0,0"
65,2,1.0,a,mmm,"0,0,0"
66,16,8.0,m,1,"x,y,z"
66,8,4.0,l,..m,"x,y,0"
66,8,4.0,k,..2,"1/4,1/4,z"
66,8,4.0,j,..2,"0,1/2,z"
66,8,4.0,i,..2,"0,0,z"
66,8,4.0,h,.2.,"0,y,1/4"
66,8,4.0,g,2..,"x,0,1/4"
66,4,2.0,f,..2/m,"1/4,3/4,0"
66,4,2.0,e,..2/m,"1/4,1/4,0"
66,4,2.0,d,..2/m,"0,1/2,0"
66,4,2.0,c,..2/m,"0,0,0"
66,4,2.0,b,222,"0,1/2,1/4"
66,4,2.0,a,222,"0,0,1/4"
67,16,8.0,o,1,"x,y,z"
67,8,4.0,n,.m.,"x,1/4,z"
67,8,4.0,m,m..,"0,y,z"
67,8,4.0,l,..2,"1/4,0,z"
67,8,4.0,k,.2.,"1/4,y,1/2"
67,8,4.0,j,.2.,"1/4,y,0"
67,8,4.0,i,2..,"x,0,1/2"
67,8,4.0,h,2..,"x,0,0"
67,4,2.0,g,mm2,"0,1/4,z"
67,4,2.0,f,.2/m.,"1/4,1/4,1/2"
67,4,2.0,e,.2/m.,"1/4,1/4,0"
67,4,2.0,d,2/m..,"0,0,1/2"
67,4,2.0,c,2/m..,"0,0,0"
67,4,2.0,b,222,"1/4,0,1/2"
67,4,2.0,a,222,"1/4,0,0"
68,16,8.0,i,1,"x,y,z"
68,8,4.0,h,..2,"1/4,1/4,z"
68,8,4.0,g,..2,"0,0,z"
68,8,4.0,f,.2.,"0,y,0"
68,8,4.0,e,2..,"x,0,0"
68,8,4.0,d,-1,"0,1/4,1/4"
68,8,4.0,c,-1,"1/4,0,1/4"
68,4,2.0,b,222,"0,0,1/2"
68,4,2.0,a,222,"0,0,0"
69,32,8.0,p,1,"x,y,z"
69,16,4.0,o,..m,"x,y,0"
69,16,4.0,n,.m.,"x,0,z"
69,16,4.0,m,m..,"0,y,z"
69,16,4.0,l,2..,"x,1/4,1/4"
69,16,4.0,k,.2.,"1/4,y,1/4"
69,16,4.0,j,..2,"1/4,1/4,z"
69,8,2.0,i,mm2,"0,0,z"
69,8,2.0,h,m2m,"0,y,0"
69,8,2.0,g,2mm,"x,0,0"
69,8,2.0,f,222,"1/4,1/4,1/4"
69,8,2.0,e,..2/m,"1/4,1/4,0"
69,8,2.0,d,.2/m.,"1/4,0,1/4"
69,8,2.0,c,2/m..,"0,1/4,1/4"
69,4,1.0,b,mmm,"0,0,1/2"
69,4,1.0,a,mmm,"0,0,0"
70,32,8.0,h,1,"x,y,z"
70,16,4.0,g,..2,"0,0,z"
70,16,4.0,f,.2.,"0,y,0"
70,16,4.0,e,2..,"x,0,0"
70,16,4.0,d,-1,"5/8,5/8,5/8"
70,16,4.0,c,-1,"1/8,1/8,1/8"
70,8,2.0,b,222,"0,0,1/2"
70,8,2.0,a,222,"0,0,0"
71,16,8.0,o,1,"x,y,z"
71,8,4.0,n,..m,"x,y,0"
71,8,4.0,m,.m.,"x,0,z"
71,8,4.0,l,m..,"0,y,z"
71,8,4.0,k,-1,"1/4,1/4,1/4"
71,4,2.0,j,mm2,"1/2,0,z"
71,4,2.0,i,mm2,"0,0,z"
71,4,2.0,h,m2m,"0,y,1/2"
71,4,2.0,g,m2m,"0,y,0"
71,4,2.0,f,2mm,"x,1/2,0"
71,4,2.0,e,2mm,"x,0,0"
71,2,1.0,d,mmm,"1/2,0,1/2"
71,2,1.0,c,mmm,"1/2,1/2,0"
71,2,1.0,b,mmm,"0,1/2,1/2"
71,2,1.0,a,mmm,"0,0,0"
72,16,8.0,k,1,"x,y,z"
72,8,4.0,j,..m,"x,y,0"
72,8,4.0,i,..2,"0,1/2,z"
72,8,4.0,h,..2,"0,0,z"
72,8,4.0,g,.2.,"0,y,1/4"
72,8,4.0,f,2..,"x,0,1/4"
72,8,4.0,e,-1,"1/4,1/4,1/4"
72,4,2.0,d,..2/m,"1/2,0,0"
72,4,2.0,c,..2/m,"0,0,0"
72,4,2.0,b,222,"1/2,0,1/4"
72,4,2.0,a,222,"0,0,1/4"
73,16,8.0,f,1,"x,y,z"
73,8,4.0,e,..2,"0,1/4,z"
73,8,4.0,d,.2.,"1/4,y,0"
73,8,4.0,c,2..,"x,0,1/4"
73,8,4.0,b,-1,"1/4,1/4,1/4"
73,8,4.0,a,-1,"0,0,0"
74,16,8.0,j,1,"x,y,z"
74,8,4.0,i,.m.,"x,1/4,z"
74,8,4.0,h,m..,"0,y,z"
74,8,4.0,g,.2.,"1/4,y,1/4"
74,8,4.0,f,2..,"x,0,0"
74,4,2.0,e,mm2,"0,1/4,z"
74,4,2.0,d,.2/m.,"1/4,1/4,3/4"
74,4,2.0,c,.2/m.,"1/4,1/4,1/4"
74,4,2.0,b,2/m..,"0,0,1/2"
74,4,2.0,a,2/m..,"0,0,0"
75,4,4.0,d,1,"x,y,z"
75,2,2.0,c,2..,"0,1/2,z"
75,1,1.0,b,4..,"1/2,1/2,z"
75,1,1.0,a,4..,"0,0,z"
76,4,4.0,a,1,"x,y,z"
77,4,4.0,d,1,"x,y,z"
77,2,2.0,c,2..,"0,1/2,z"
77,2,2.0,b,2..,"1/2,1/2,z"
77,2,2.0,a,2..,"0,0,z"
78,4,4.0,a,1,"x,y,z"
79,8,4.0,c,1,"x,y,z"
79,4,2.0,b,2..,"0,1/2,z"
79,2,1.0,a,4..,"0,0,z"
80,8,4.0,b,1,"x,y,z"
80,4,2.0,a,2..,"0,0,z"
81,4,4.0,h,1,"x,y,z"
81,2,2.0,g,2..,"0,1/2,z"
81,2,2.0,f,2..,"1/2,1/2,z"
81,2,2.0,e,2..,"0,0,z"
81,1,1.0,d,-4..,"1/2,1/2,1/2"
81,1,1.0,c,-4..,"1/2,1/2,0"
81,1,1.0,b,-4..,"0,0,1/2"
81,1,1.0,a,-4..,"0,0,0"
82,8,4.0,g,1,"x,y,z"
82,4,2.0,f,2..,"0,1/2,z"
82,4,2.0,e,2..,"0,0,z"
82,2,1.0,d,-4..,"0,1/2,3/4"
82,2,1.0,c,-4..,"0,1/2,1/4"
82,2,1.0,b,-4..,"0,0,1/2"
82,2,1.0,a,-4..,"0,0,0"
83,8,8.0,l,1,"x,y,z"
83,4,4.0,k,m..,"x,y,1/2"
83,4,4.0,j,m..,"x,y,0"
83,4,4.0,i,2..,"0,1/2,z"
83,2,2.0,h,4..,"1/2,1/2,z"
83,2,2.0,g,4..,"0,0,z"
83,2,2.0,f,2/m..,"0,1/2,1/2"
83,2,2.0,e,2/m..,"0,1/2,0"
83,1,1.0,d,4/m..,"1/2,1/2,1/2"
83,1,1.0,c,4/m..,"1/2,1/2,0"
83,1,1.0,b,4/m..,"0,0,1/2"
83,1,1.0,a,4/m..,"0,0,0"
84,8,8.0,k,1,"x,y,z"
84,4,4.0,j,m..,"x,y,0"
84,4,4.0,i,2..,"0,1/2,z"
84,4,4.0,h,2..,"1/2,1/2,z"
84,4,4.0,g,2..,"0,0,z"
84,2,2.0,f,-4..,"1/2,1/2,1/4"
84,2,2.0,e,-4..,"0,0,1/4"
84,2,2.0,d,2/m..,"0,1/2,1/2"
84,2,2.0,c,2/m..,"0,1/2,0"
84,2,2.0,b,2/m..,"1/2,1/2,0"
84,2,2.0,a,2/m..,"0,0,0"
85,8,8.0,g,1,"x,y,z"
85,4,4.0,f,2..,"0,0,z"
85,4,4.0,e,-1,"1/4,1/4,1/2"
85,4,4.0,d,-1,"1/4,1/4,0"
85,2,2.0,c,4..,"0,1/2,z"
85,2,2.0,b,-4..,"0,0,1/2"
85,2,2.0,a,-4..,"0,0,0"
86,8,8.0,g,1,"x,y,z"
86,4,4.0,f,2..,"0,0,z"
86,4,4.0,e,2..,"0,1/2,z"
86,4,4.0,d,-1,"1/4,1/4,3/4"
86,4,4.0,c,-1,"1/4,1/4,1/4"
86,2,2.0,b,-4..,"0,0,1/2"
86,2,2.0,a,-4..,"0,0,0"
87,16,8.0,i,1,"x,y,z"
87,8,4.0,h,m..,"x,y,0"
87,8,4.0,g,2..,"0,1/2,z"
87,8,4.0,f,-1,"1/4,1/4,1/4"
87,4,2.0,e,4..,"0,0,z"
87,4,2.0,d,-4..,"0,1/2,1/4"
87,4,2.0,c,2/m..,"0,1/2,0"
87,2,1.0,b,4/m..,"0,0,1/2"
87,2,1.0,a,4/m..,"0,0,0"
88,16,8.0,f,1,"x,y,z"
88,8,4.0,e,2..,"0,0,z"
88,8,4.0,d,-1,"0,1/4,5/8"
88,8,4.0,c,-1,"0,1/4,1/8"
88,4,2.0,b,-4..,"0,0,1/2"
88,4,2.0,a,-4..,"0,0,0"
89,8,8.0,p,1,"x,y,z"
89,4,4.0,o,.2.,"x,1/2,0"
89,4,4.0,n,.2.,"x,0,1/2"
89,4,4.0,m,.2.,"x,1/2,1/2"
89,4,4.0,l,.2.,"x,0,0"
89,4,4.0,k,..2,"x,x,1/2"
89,4,4.0,j,..2,"x,x,0"
89,4,4.0,i,2..,"0,1/2,z"
89,2,2.0,h,4..,"1/2,1/2,z"
89,2,2.0,g,4..,"0,0,z"
89,2,2.0,f,222.,"1/2,0,1/2"
89,2,2.0,e,222.,"1/2,0,0"
89,1,1.0,d,422,"1/2,1/2,1/2"
89,1,1.0,c,422,"1/2,1/2,0"
89,1,1.0,b,422,"0,0,1/2"
89,1,1.0,a,422,"0,0,0"
90,8,8.0,g,1,"x,y,z"
90,4,4.0,f,..2,"x,x,1/2"
90,4,4.0,e,..2,"x,x,0"
90,4,4.0,d,2..,"0,0,z"
90,2,2.0,c,4..,"0,1/2,z"
90,2,2.0,b,2.22,"0,0,1/2"
90,2,2.0,a,2.22,"0,0,0"
91,8,8.0,d,1,"x,y,z"
91,4,4.0,c,..2,"x,x,3/8"
91,4,4.0,b,.2.,"1/2,y,0"
91,4,4.0,a,.2.,"0,y,0"
92,8,8.0,b,1,"x,y,z"
92,4,4.0,a,..2,"x,x,0"
93,8,8.0,p,1,"x,y,z"
93,4,4.0,o,..2,"x,x,3/4"
93,4,4.0,n,..2,"x,x,1/4"
93,4,4.0,m,.2.,"x,1/2,0"
93,4,4.0,l,.2.,"x,0,1/2"
93,4,4.0,k,.2.,"x,1/2,1/2"
93,4,4.0,j,.2.,"x,0,0"
93,4,4.0,i,2..,"0,1/2,z"
93,4,4.0,h,2..,"1/2,1/2,z"
93,4,4.0,g,2..,"0,0,z"
93,2,2.0,f,2.22,"1/2,1/2,1/4"
93,2,2.0,e,2.22,"0,0,1/4"
93,2,2.0,d,222.,"0,1/2,1/2"
93,2,2.0,c,222.,"0,1/2,0"
93,2,2.0,b,222.,"1/2,1/2,0"
93,2,2.0,a,222.,"0,0,0"
94,8,8.0,g,1,"x,y,z"
94,4,4.0,f,..2,"x,x,1/2"
94,4,4.0,e,..2,"x,x,0"
94,4,4.0,d,2..,"0,1/2,z"
94,4,4.0,c,2..,"0,0,z"
94,2,2.0,b,2.22,"0,0,1/2"
94,2,2.0,a,2.22,"0,0,0"
95,8,8.0,d,1,"x,y,z"
95,4,4.0,c,..2,"x,x,5/8"
95,4,4.0,b,.2.,"1/2,y,0"
95,4,4.0,a,.2.,"0,y,0"
96,8,8.0,b,1,"x,y,z"
96,4,4.0,a,..2,"x,x,0"
97,16,8.0,k,1,"x,y,z"
97,8,4.0,j,..2,"x,x+1/2,1/4"
97,8,4.0,i,.2.,"x,0,1/2"
97,8,4.0,h,.2.,"x,0,0"
97,8,4.0,g,..2,"x,x,0"
97,8,4.0,f,2..,"0,1/2,z"
97,4,2.0,e,4..,"0,0,z"
97,4,2.0,d,2.22,"0,1/2,1/4"
97,4,2.0,c,222.,"0,1/2,0"
97,2,1.0,b,422,"0,0,1/2"
97,2,1.0,a,422,"0,0,0"
98,16,8.0,g,1,"x,y,z"
98,8,4.0,f,.2.,"x,1/4,1/8"
98,8,4.0,e,..2,"-x,x,0"
98,8,4.0,d,..2,"x,x,0"
98,8,4.0,c,2..,"0,0,z"
98,4,2.0,b,2.22,"0,0,1/2"
98,4,2.0,a,2.22,"0,0,0"
99,8,8.0,g,1,"x,y,z"
99,4,4.0,f,.m.,"x,1/2,z"
99,4,4.0,e,.m.,"x,0,z"
99,4,4.0,d,..m,"x,x,z"
99,2,2.0,c,2mm.,"1/2,0,z"
99,1,1.0,b,4mm,"1/2,1/2,z"
99,1,1.0,a,4mm,"0,0,z"
100,8,8.0,d,1,"x,y,z"
100,4,4.0,c,..m,"x,x+1/2,z"
100,2,2.0,b,2.mm,"1/2,0,z"
100,2,2.0,a,4..,"0,0,z"
101,8,8.0,e,1,"x,y,z"
101,4,4.0,d,..m,"x,x,z"
101,4,4.0,c,2..,"0,1/2,z"
101,2,2.0,b,2.mm,"1/2,1/2,z"
101,2,2.0,a,2.mm,"0,0,z"
102,8,8.0,d,1,"x,y,z"
102,4,4.0,c,..m,"x,x,z"
102,4,4.0,b,2..,"0,1/2,z"
102,2,2.0,a,2.mm,"0,0,z"
103,8,8.0,d,1,"x,y,z"
103,4,4.0,c,2..,"0,1/2,z"
103,2,2.0,b,4..,"1/2,1/2,z"
103,2,2.0,a,4..,"0,0,z"
104,8,8.0,c,1,"x,y,z"
104,4,4.0,b,2..,"0,1/2,z"
104,2,2.0,a,4..,"0,0,z"
105,8,8.0,f,1,"x,y,z"
105,4,4.0,e,.m.,"x,1/2,z"
105,4,4.0,d,.m.,"x,0,z"
105,2,2.0,c,2mm.,"0,1/2,z"
105,2,2.0,b,2mm.,"1/2,1/2,z"
105,2,2.0,a,2mm.,"0,0,z"
106,8,8.0,c,1,"x,y,z"
106,4,4.0,b,2..,"0,1/2,z"
106,4,4.0,a,2..,"0,0,z"
107,16,8.0,e,1,"x,y,z"
107,8,4.0,d,.m.,"x,0,z"
107,8,4.0,c,..m,"x,x,z"
107,4,2.0,b,2mm.,"0,1/2,z"
107,2,1.0,a,4mm,"0,0,z"
108,16,8.0,d,1,"x,y,z"
108,8,4.0,c,..m,"x,x+1/2,z"
108,4,2.0,b,2.mm,"1/2,0,z"
108,4,2.0,a,4..,"0,0,z"
109,16,8.0,c,1,"x,y,z"
109,8,4.0,b,.m.,"0,y,z"
109,4,2.0,a,2mm.,"0,0,z"
110,16,8.0,b,1,"x,y,z"
110,8,4.0,a,2..,"0,0,z"
111,8,8.0,o,1,"x,y,z"
111,4,4.0,n,..m,"x,x,z"
111,4,4.0,m,2..,"0,1/2,z"
111,4,4.0,l,.2.,"x,1/2,0"
111,4,4.0,k,.2.,"x,0,1/2"
111,4,4.0,j,.2.,"x,1/2,1/2"
111,4,4.0,i,.2.,"x,0,0"
111,2,2.0,h,2.mm,"1/2,1/2,z"
111,2,2.0,g,2.mm,"0,0,z"
111,2,2.0,f,222.,"1/2,0,1/2"
111,2,2.0,e,222.,"1/2,0,0"
111,1,1.0,d,-42m,"1/2,1/2,0"
111,1,1.0,c,-42m,"0,0,1/2"
111,1,1.0,b,-42m,"1/2,1/2,1/2"
111,1,1.0,a,-42m,"0,0,0"
112,8,8.0,n,1,"x,y,z"
112,4,4.0,m,2..,"0,1/2,z"
112,4,4.0,l,2..,"1/2,1/2,z"
112,4,4.0,k,2..,"0,0,z"
112,4,4.0,j,.2.,"0,y,1/4"
112,4,4.0,i,.2.,"x,1/2,1/4"
112,4,4.0,h,.2.,"1/2,y,1/4"
112,4,4.0,g,.2.,"x,0,1/4"
112,2,2.0,f,-4..,"1/2,1/2,0"
112,2,2.0,e,-4..,"0,0,0"
112,2,2.0,d,222.,"0,1/2,1/4"
112,2,2.0,c,222.,"1/2,1/2,1/4"
112,2,2.0,b,222.,"1/2,0,1/4"
112,2,2.0,a,222.,"0,0,1/4"
113,8,8.0,f,1,"x,y,z"
113,4,4.0,e,..m,"x,x+1/2,z"
113,4,4.0,d,2..,"0,0,z"
113,2,2.0,c,2.mm,"0,1/2,z"
113,2,2.0,b,-4..,"0,0,1/2"
113,2,2.0,a,-4..,"0,0,0"
114,8,8.0,e,1,"x,y,z"
114,4,4.0,d,2..,"0,1/2,z"
114,4,4.0,c,2..,"0,0,z"
114,2,2.0,b,-4..,"0,0,1/2"
114,2,2.0,a,-4..,"0,0,0"
115,8,8.0,l,1,"x,y,z"
115,4,4.0,k,.m.,"x,1/2,z"
115,4,4.0,j,.m.,"x,0,z"
115,4,4.0,i,..2,"x,x,1/2"
115,4,4.0,h,..2,"x,x,0"
115,2,2.0,g,2mm.,"0,1/2,z"
115,2,2.0,f,2mm.,"1/2,1/2,z"
115,2,2.0,e,2mm.,"0,0,z"
115,1,1.0,d,-4m2,"0,0,1/2"
115,1,1.0,c,-4m2,"1/2,1/2,1/2"
115,1,1.0,b,-4m2,"1/2,1/2,0"
115,1,1.0,a,-4m2,"0,0,0"
116,8,8.0,j,1,"x,y,z"
116,4,4.0,i,2..,"0,1/2,z"
116,4,4.0,h,2..,"1/2,1/2,z"
116,4,4.0,g,2..,"0,0,z"
116,4,4.0,f,..2,"x,x,3/4"
116,4,4.0,e,..2,"x,x,1/4"
116,2,2.0,d,-4..,"1/2,1/2,0"
116,2,2.0,c,-4..,"0,0,0"
116,2,2.0,b,2.22,"1/2,1/2,1/4"
116,2,2.0,a,2.22,"0,0,1/4"
117,8,8.0,i,1,"x,y,z"
117,4,4.0,h,..2,"x,x+1/2,1/2"
117,4,4.0,g,..2,"x,x+1/2,0"
117,4,4.0,f,2..,"0,1/2,z"
117,4,4.0,e,2..,"0,0,z"
117,2,2.0,d,2.22,"0,1/2,1/2"
117,2,2.0,c,2.22,"0,1/2,0"
117,2,2.0,b,-4..,"0,0,1/2"
117,2,2.0,a,-4..,"0,0,0"
118,8,8.0,i,1,"x,y,z"
118,4,4.0,h,2..,"0,1/2,z"
118,4,4.0,g,..2,"x,x+1/2,1/4"
118,4,4.0,f,..2,"x,-x+1/2,1/4"
118,4,4.0,e,2..,"0,0,z"
118,2,2.0,d,2.22,"0,1/2,3/4"
118,2,2.0,c,2.22,"0,1/2,1/4"
118,2,2.0,b,-4..,"0,0,1/2"
118,2,2.0,a,-4..,"0,0,0"
119,16,8.0,j,1,"x,y,z"
119,8,4.0,i,.m.,"x,0,z"
119,8,4.0,h,..2,"x,x+1/2,1/4"
119,8,4.0,g,..2,"x,x,0"
119,4,2.0,f,2mm.,"0,1/2,z"
119,4,2.0,e,2mm.,"0,0,z"
119,2,1.0,d,-4m2,"0,1/2,3/4"
119,2,1.0,c,-4m2,"0,1/2,1/4"
119,2,1.0,b,-4m2,"0,0,1/2"
119,2,1.0,a,-4m2,"0,0,0"
120,16,8.0,i,1,"x,y,z"
120,8,4.0,h,..2,"x,x+1/2,0"
120,8,4.0,g,2..,"0,1/2,z"
120,8,4.0,f,2..,"0,0,z"
120,8,4.0,e,..2,"x,x,1/4"
120,4,2.0,d,2.22,"0,1/2,0"
120,4,2.0,c,-4..,"0,1/2,1/4"
120,4,2.0,b,-4..,"0,0,0"
120,4,2.0,a,2.22,"0,0,1/4"
121,16,8.0,j,1,"x,y,z"
121,8,4.0,i,..m,"x,x,z"
121,8,4.0,h,2..,"0,1/2,z"
121,8,4.0,g,.2.,"x,0,1/2"
121,8,4.0,f,.2.,"x,0,0"
121,4,2.0,e,2.mm,"0,0,z"
121,4,2.0,d,-4..,"0,1/2,1/4"
121,4,2.0,c,222.,"0,1/2,0"
121,2,1.0,b,-42m,"0,0,1/2"
121,2,1.0,a,-42m,"0,0,0"
122,16,8.0,e,1,"x,y,z"
122,8,4.0,d,.2.,"x,1/4,1/8"
122,8,4.0,c,2..,"0,0,z"
122,4,2.0,b,-4..,"0,0,1/2"
122,4,2.0,a,-4..,"0,0,0"
123,16,16.0,u,1,"x,y,z"
123,8,8.0,t,.m.,"x,1/2,z"
123,8,8.0,s,.m.,"x,0,z"
123,8,8.0,r,..m,"x,x,z"
123,8,8.0,q,m..,"x,y,1/2"
123,8,8.0,p,m..,"x,y,0"
123,4,4.0,o,m2m.,"x,1/2,1/2"
123,4,4.0,n,m2m.,"x,1/2,0"
123,4,4.0,m,m2m.,"x,0,1/2"
123,4,4.0,l,m2m.,"x,0,0"
123,4,4.0,k,m.2m,"x,x,1/2"
123,4,4.0,j,m.2m,"x,x,0"
123,4,4.0,i,2mm.,"0,1/2,z"
123,2,2.0,h,4mm,"1/2,1/2,z"
123,2,2.0,g,4mm,"0,0,z"
123,2,2.0,f,mmm.,"0,1/2,0"
123,2,2.0,e,mmm.,"0,1/2,1/2"
123,1,1.0,d,4/mmm,"1/2,1/2,1/2"
123,1,1.0,c,4/mmm,"1/2,1/2,0"
123,1,1.0,b,4/mmm,"0,0,1/2"
123,1,1.0,a,4/mmm,"0,0,0"
124,16,16.0,n,1,"x,y,z"
124,8,8.0,m,m..,"x,y,0"
124,8,8.0,l,.2.,"x,1/2,1/4"
124,8,8.0,k,.2.,"x,0,1/4"
124,8,8.0,j,..2,"x,x,1/4"
124,8,8.0,i,2..,"0,1/2,z"
124,4,4.0,h,4..,"1/2,1/2,z"
124,4,4.0,g,4..,"0,0,z"
124,4,4.0,f,222.,"0,1/2,1/4"
124,4,4.0,e,2/m..,"0,1/2,0"
124,2,2.0,d,4/m..,"1/2,1/2,0"
124,2,2.0,c,422,"1/2,1/2,1/4"
124,2,2.0,b,4/m..,"0,0,0"
124,2,2.0,a,422,"0,0,1/4"
125,16,16.0,n,1,"x,y,z"
125,8,8.0,m,..m,"x,x+1/2,z"
125,8,8.0,l,.2.,"x,0,1/2"
125,8,8.0,k,.2.,"x,0,0"
125,8,8.0,j,..2,"x,x,1/2"
125,8,8.0,i,..2,"x,x,0"
125,4,4.0,h,2.mm,"0,1/2,z"
125,4,4.0,g,4..,"0,0,z"
125,4,4.0,f,..2/m,"1/4,1/4,1/2"
125,4,4.0,e,..2/m,"1/4,1/4,0"
125,2,2.0,d,-42m,"0,1/2,1/2"
125,2,2.0,c,-42m,"0,1/2,0"
125,2,2.0,b,422,"0,0,1/2"
125,2,2.0,a,422,"0,0,0"
126,16,16.0,k,1,"x,y,z"
126,8,8.0,j,.2.,"x,0,1/2"
126,8,8.0,i,.2.,"x,0,0"
126,8,8.0,h,..2,"x,x,0"
126,8,8.0,g,2..,"1/2,0,z"
126,8,8.0,f,-1,"1/4,1/4,1/4"
126,4,4.0,e,4..,"0,0,z"
126,4,4.0,d,-4..,"1/2,0,1/4"
126,4,4.0,c,222.,"1/2,0,0"
126,2,2.0,b,422,"0,0,1/2"
126,2,2.0,a,422,"0,0,0"
127,16,16.0,l,1,"x,y,z"
127,8,8.0,k,..m,"x,x+1/2,z"
127,8,8.0,j,m..,"x,y,1/2"
127,8,8.0,i,m..,"x,y,0"
127,4,4.0,h,m.2m,"x,x+1/2,1/2"
127,4,4.0,g,m.2m,"x,x+1/2,0"
127,4,4.0,f,2.mm,"0,1/2,z"
127,4,4.0,e,4..,"0,0,z"
127,2,2.0,d,m.mm,"0,1/2,0"
127,2,2.0,c,m.mm,"0,1/2,1/2"
127,2,2.0,b,4/m..,"0,0,1/2"
127,2,2.0,a,4/m..,"0,0,0"
128,16,16.0,i,1,"x,y,z"
128,8,8.0,h,m..,"x,y,0"
128,8,8.0,g,..2,"x,x+1/2,1/4"
128,8,8.0,f,2..,"0,1/2,z"
128,4,4.0,e,4..,"0,0,z"
128,4,4.0,d,2.22,"0,1/2,1/4"
128,4,4.0,c,2/m..,"0,1/2,0"
128,2,2.0,b,4/m..,"0,0,1/2"
128,2,2.0,a,4/m..,"0,0,0"
129,16,16.0,k,1,"x,y,z"
129,8,8.0,j,..m,"x,x+1/2,z"
129,8,8.0,i,.m.,"0,y,z"
129,8,8.0,h,..2,"x,x,1/2"
129,8,8.0,g,..2,"x,x,0"
129,4,4.0,f,2mm.,"0,0,z"
129,4,4.0,e,..2/m,"1/4,1/4,1/2"
129,4,4.0,d,..2/m,"1/4,1/4,0"
129,2,2.0,c,4mm,"0,1/2,z"
129,2,2.0,b,-4m2,"0,0,1/2"
129,2,2.0,a,-4m2,"0,0,0"
130,16,16.0,g,1,"x,y,z"
130,8,8.0,f,..2,"x,x,1/4"
130,8,8.0,e,2..,"0,0,z"
130,8,8.0,d,-1,"1/4,1/4,0"
130,4,4.0,c,4..,"0,1/2,z"
130,4,4.0,b,-4..,"0,0,0"
130,4,4.0,a,2.22,"0,0,1/4"
131,16,16.0,r,1,"x,y,z"
131,8,8.0,q,m..,"x,y,0"
131,8,8.0,p,.m.,"1/2,y,z"
131,8,8.0,o,.m.,"0,y,z"
131,8,8.0,n,..2,"x,x,1/4"
131,4,4.0,m,m2m.,"x,1/2,0"
131,4,4.0,l,m2m.,"x,0,1/2"
131,4,4.0,k,m2m.,"x,1/2,1/2"
131,4,4.0,j,m2m.,"x,0,0"
131,4,4.0,i,2mm.,"0,1/2,z"
131,4,4.0,h,2mm.,"1/2,1/2,z"
131,4,4.0,g,2mm.,"0,0,z"
131,2,2.0,f,-4m2,"1/2,1/2,1/4"
131,2,2.0,e,-4m2,"0,0,1/4"
131,2,2.0,d,mmm.,"0,1/2,1/2"
131,2,2.0,c,mmm.,"0,1/2,0"
131,2,2.0,b,mmm.,"1/2,1/2,0"
131,2,2.0,a,mmm.,"0,0,0"
132,16,16.0,p,1,"x,y,z"
132,8,8.0,o,..m,"x,x,z"
132,8,8.0,n,m..,"x,y,0"
132,8,8.0,m,.2.,"x,1/2,1/4"
132,8,8.0,l,.2.,"x,0,1/4"
132,8,8.0,k,2..,"0,1/2,z"
132,4,4.0,j,m.2m,"x,x,1/2"
132,4,4.0,i,m.2m,"x,x,0"
132,4,4.0,h,2.mm,"1/2,1/2,z"
132,4,4.0,g,2.mm,"0,0,z"
132,4,4.0,f,2/m..,"0,1/2,0"
132,4,4.0,e,222.,"0,1/2,1/4"
132,2,2.0,d,-42m,"1/2,1/2,1/4"
132,2,2.0,c,m.mm,"1/2,1/2,0"
132,2,2.0,b,-42m,"0,0,1/4"
132,2,2.0,a,m.mm,"0,0,0"
133,16,16.0,k,1,"x,y,z"
133,8,8.0,j,..2,"x,x+1/2,0"
133,8,8.0,i,.2.,"x,0,3/4"
133,8,8.0,h,.2.,"x,0,1/4"
133,8,8.0,g,2..,"0,0,z"
133,8,8.0,f,2..,"0,1/2,z"
133,8,8.0,e,-1,"1/4,1/4,1/4"
133,4,4.0,d,-4..,"0,0,0"
133,4,4.0,c,2.22,"0,1/2,0"
133,4,4.0,b,222.,"0,0,1/4"
133,4,4.0,a,222.,"0,1/2,1/4"
134,16,16.0,n,1,"x,y,z"
134,8,8.0,m,..m,"x,x,z"
134,8,8.0,l,..2,"x,x+1/2,3/4"
134,8,8.0,k,..2,"x,x+1/2,1/4"
134,8,8.0,j,.2.,"x,0,1/2"
134,8,8.0,i,.2.,"x,0,0"
134,8,8.0,h,2..,"0,1/2,z"
134,4,4.0,g,2.mm,"0,0,z"
134,4,4.0,f,..2/m,"3/4,3/4,3/4"
134,4,4.0,e,..2/m,"1/4,1/4,1/4"
134,4,4.0,d,2.22,"0,1/2,1/4"
134,4,4.0,c,222.,"0,1/2,0"
134,2,2.0,b,-42m,"0,0,1/2"
134,2,2.0,a,-42m,"0,0,0"
135,16,16.0,i,1,"x,y,z"
135,8,8.0,h,m..,"x,y,0"
135,8,8.0,g,..2,"x,x+1/2,1/4"
135,8,8.0,f,2..,"0,1/2,z"
135,8,8.0,e,2..,"0,0,z"
135,4,4.0,d,2.22,"0,1/2,1/4"
135,4,4.0,c,2/m..,"0,1/2,0"
135,4,4.0,b,-4..,"0,0,1/4"
135,4,4.0,a,2/m..,"0,0,0"
136,16,16.0,k,1,"x,y,z"
136,8,8.0,j,..m,"x,x,z"
136,8,8.0,i,m..,"x,y,0"
136,8,8.0,h,2..,"0,1/2,z"
136,4,4.0,g,m.2m,"x,-x,0"
136,4,4.0,f,m.2m,"x,x,0"
136,4,4.0,e,2.mm,"0,0,z"
136,4,4.0,d,-4..,"0,1/2,1/4"
136,4,4.0,c,2/m..,"0,1/2,0"
136,2,2.0,b,m.mm,"0,0,1/2"
136,2,2.0,a,m.mm,"0,0,0"
137,16,16.0,h,1,"x,y,z"
137,8,8.0,g,.m.,"0,y,z"
137,8,8.0,f,..2,"x,x,0"
137,8,8.0,e,-1,"1/4,1/4,1/4"
137,4,4.0,d,2mm.,"0,1/2,z"
137,4,4.0,c,2mm.,"0,0,z"
137,2,2.0,b,-4m2,"0,0,1/2"
137,2,2.0,a,-4m2,"0,0,0"
138,16,16.0,j,1,"x,y,z"
138,8,8.0,i,..m,"x,x+1/2,z"
138,8,8.0,h,..2,"x,x,3/4"
138,8,8.0,g,..2,"x,x,1/4"
138,8,8.0,f,2..,"0,0,z"
138,4,4.0,e,2.mm,"0,1/2,z"
138,4,4.0,d,..2/m,"1/4,1/4,3/4"
138,4,4.0,c,..2/m,"1/4,1/4,1/4"
138,4,4.0,b,-4..,"0,0,0"
138,4,4.0,a,2.22,"0,0,1/4"
139,32,16.0,o,1,"x,y,z"
139,16,8.0,n,.m.,"0,y,z"
139,16,8.0,m,..m,"x,x,z"
139,16,8.0,l,m..,"x,y,0"
139,16,8.0,k,..2,"x,x+1/2,1/4"
139,8,4.0,j,m2m.,"x,1/2,0"
139,8,4.0,i,m2m.,"x,0,0"
139,8,4.0,h,m.2m,"x,x,0"
139,8,4.0,g,2mm.,"0,1/2,z"
139,8,4.0,f,..2/m,"1/4,1/4,1/4"
139,4,2.0,e,4mm,"0,0,z"
139,4,2.0,d,-4m2,"0,1/2,1/4"
139,4,2.0,c,mmm.,"0,1/2,0"
139,2,1.0,b,4/mmm,"0,0,1/2"
139,2,1.0,a,4/mmm,"0,0,0"
140,32,16.0,m,1,"x,y,z"
140,16,8.0,l,..m,"x,x+1/2,z"
140,16,8.0,k,m..,"x,y,0"
140,16,8.0,j,.2.,"x,0,1/4"
140,16,8.0,i,..2,"x,x,1/4"
140,8,4.0,h,m.2m,"x,x+1/2,0"
140,8,4.0,g,2.mm,"0,1/2,z"
140,8,4.0,f,4..,"0,0,z"
140,8,4.0,e,..2/m,"1/4,1/4,1/4"
140,4,2.0,d,m.mm,"0,1/2,0"
140,4,2.0,c,4/m..,"0,0,0"
140,4,2.0,b,-42m,"0,1/2,1/4"
140,4,2.0,a,422,"0,0,1/4"
141,32,16.0,i,1,"x,y,z"
141,16,8.0,h,.m.,"0,y,z"
141,16,8.0,g,..2,"x,x,0"
141,16,8.0,f,.2.,"x,1/4,1/8"
141,8,4.0,e,2mm.,"0,0,z"
141,8,4.0,d,.2/m.,"0,1/4,5/8"
141,8,4.0,c,.2/m.,"0,1/4,1/8"
141,4,2.0,b,-4m2,"0,0,1/2"
141,4,2.0,a,-4m2,"0,0,0"
142,32,16.0,g,1,"x,y,z"
142,16,8.0,f,..2,"x,x,1/4"
142,16,8.0,e,.2.,"1/4,y,1/8"
142,16,8.0,d,2..,"0,0,z"
142,16,8.0,c,-1,"0,1/4,1/8"
142,8,4.0,b,2.22,"0,0,1/4"
142,8,4.0,a,-4..,"0,0,0"
143,3,3.0,d,1,"x,y,z"
143,1,1.0,c,3..,"2/3,1/3,z"
143,1,1.0,b,3..,"1/3,2/3,z"
143,1,1.0,a,3..,"0,0,z"
144,3,3.0,a,1,"x,y,z"
145,3,3.0,a,1,"x,y,z"
146,9,3.0,b,1,"x,y,z"
146,3,1.0,a,3.,"0,0,z"
147,6,6.0,g,1,"x,y,z"
147,3,3.0,f,-1,"1/2,0,1/2"
147,3,3.0,e,-1,"1/2,0,0"
147,2,2.0,d,3..,"1/3,2/3,z"
147,2,2.0,c,3..,"0,0,z"
147,1,1.0,b,-3..,"0,0,1/2"
147,1,1.0,a,-3..,"0,0,0"
148,18,6.0,f,1,"x,y,z"
148,9,3.0,e,-1,"1/2,0,0"
148,9,3.0,d,-1,"1/2,0,1/2"
148,6,2.0,c,3.,"0,0,z"
148,3,1.0,b,-3.,"0,0,1/2"
148,3,1.0,a,-3.,"0,0,0"
149,6,6.0,l,1,"x,y,z"
149,3,3.0,k,..2,"x,-x,1/2"
149,3,3.0,j,..2,"x,-x,0"
149,2,2.0,i,3..,"2/3,1/3,z"
149,2,2.0,h,3..,"1/3,2/3,z"
149,2,2.0,g,3..,"0,0,z"
149,1,1.0,f,3.2,"2/3,1/3,1/2"
149,1,1.0,e,3.2,"2/3,1/3,0"
149,1,1.0,d,3.2,"1/3,2/3,1/2"
149,1,1.0,c,3.2,"1/3,2/3,0"
149,1,1.0,b,3.2,"0,0,1/2"
149,1,1.0,a,3.2,"0,0,0"
150,6,6.0,g,1,"x,y,z"
150,3,3.0,f,.2.,"x,0,1/2"
150,3,3.0,e,.2.,"x,0,0"
150,2,2.0,d,3..,"1/3,2/3,z"
150,2,2.0,c,3..,"0,0,z"
150,1,1.0,b,32.,"0,0,1/2"
150,1,1.0,a,32.,"0,0,0"
151,6,6.0,c,1,"x,y,z"
151,3,3.0,b,..2,"x,-x,5/6"
151,3,3.0,a,..2,"x,-x,1/3"
152,6,6.0,c,1,"x,y,z"
152,3,3.0,b,.2.,"x,0,5/6"
152,3,3.0,a,.2.,"x,0,1/3"
153,6,6.0,c,1,"x,y,z"
153,3,3.0,b,..2,"x,-x,1/6"
153,3,3.0,a,..2,"x,-x,2/3"
154,6,6.0,c,1,"x,y,z"
154,3,3.0,b,.2.,"x,0,1/6"
154,3,3.0,a,.2.,"x,0,2/3"
155,18,6.0,f,1,"x,y,z"
155,9,3.0,e,.2,"x,0,1/2"
155,9,3.0,d,.2,"x,0,0"
155,6,2.0,c,3.,"0,0,z"
155,3,1.0,b,32,"0,0,1/2"
155,3,1.0,a,32,"0,0,0"
156,6,6.0,e,1,"x,y,z"
156,3,3.0,d,.m.,"x,-x,z"
156,1,1.0,c,3m.,"2/3,1/3,z"
156,1,1.0,b,3m.,"1/3,2/3,z"
156,1,1.0,a,3m.,"0,0,z"
157,6,6.0,d,1,"x,y,z"
157,3,3.0,c,..m,"x,0,z"
157,2,2.0,b,3..,"1/3,2/3,z"
157,1,1.0,a,3.m,"0,0,z"
158,6,6.0,d,1,"x,y,z"
158,2,2.0,c,3..,"2/3,1/3,z"
158,2,2.0,b,3..,"1/3,2/3,z"
158,2,2.0,a,3..,"0,0,z"
159,6,6.0,c,1,"x,y,z"
159,2,2.0,b,3..,"1/3,2/3,z"
159,2,2.0,a,3..,"0,0,z"
160,18,6.0,c,1,"x,y,z"
160,9,3.0,b,.m,"x,-x,z"
160,3,1.0,a,3m,"0,0,z"
161,18,6.0,b,1,"x,y,z"
161,6,2.0,a,3.,"0,0,z"
162,12,12.0,l,1,"x,y,z"
162,6,6.0,k,..m,"x,0,z"
162,6,6.0,j,..2,"x,-x,1/2"
162,6,6.0,i,..2,"x,-x,0"
162,4,4.0,h,3..,"1/3,2/3,z"
162,3,3.0,g,..2/m,"1/2,0,1/2"
162,3,3.0,f,..2/m,"1/2,0,0"
162,2,2.0,e,3.m,"0,0,z"
162,2,2.0,d,3.2,"1/3,2/3,1/2"
162,2,2.0,c,3.2,"1/3,2/3,0"
162,1,1.0,b,-3.m,"0,0,1/2"
162,1,1.0,a,-3.m,"0,0,0"
163,12,12.0,i,1,"x,y,z"
163,6,6.0,h,..2,"x,-x,1/4"
163,6,6.0,g,-1,"1/2,0,0"
163,4,4.0,f,3..,"1/3,2/3,z"
163,4,4.0,e,3..,"0,0,z"
163,2,2.0,d,3.2,"2/3,1/3,1/4"
163,2,2.0,c,3.2,"1/3,2/3,1/4"
163,2,2.0,b,-3..,"0,0,0"
163,2,2.0,a,3.2,"0,0,1/4"
164,12,12.0,j,1,"x,y,z"
164,6,6.0,i,.m.,"x,-x,z"
164,6,6.0,h,.2.,"x,0,1/2"
164,6,6.0,g,.2.,"x,0,0"
164,3,3.0,f,.2/m.,"1/2,0,1/2"
164,3,3.0,e,.2/m.,"1/2,0,0"
164,2,2.0,d,3m.,"1/3,2/3,z"
164,2,2.0,c,3m.,"0,0,z"
164,1,1.0,b,-3m.,"0,0,1/2"
164,1,1.0,a,-3m.,"0,0,0"
165,12,12.0,g,1,"x,y,z"
165,6,6.0,f,.2.,"x,0,1/4"
165,6,6.0,e,-1,"1/2,0,0"
165,4,4.0,d,3..,"1/3,2/3,z"
165,4,4.0,c,3..,"0,0,z"
165,2,2.0,b,-3..,"0,0,0"
165,2,2.0,a,32.,"0,0,1/4"
166,36,12.0,i,1,"x,y,z"
166,18,6.0,h,.m,"x,-x,z"
166,18,6.0,g,.2,"x,0,1/2"
166,18,6.0,f,.2,"x,0,0"
166,9,3.0,e,.2/m,"1/2,0,0"
166,9,3.0,d,.2/m,"1/2,0,1/2"
166,6,2.0,c,3m,"0,0,z"
166,3,1.0,b,-3m,"0,0,1/2"
166,3,1.0,a,-3m,"0,0,0"
167,36,12.0,f,1,"x,y,z"
167,18,6.0,e,.2,"x,0,1/4"
167,18,6.0,d,-1,"1/2,0,0"
167,12,4.0,c,3.,"0,0,z"
167,6,2.0,b,-3.,"0,0,0"
167,6,2.0,a,32,"0,0,1/4"
168,6,6.0,d,1,"x,y,z"
168,3,3.0,c,2..,"1/2,0,z"
168,2,2.0,b,3..,"1/3,2/3,z"
168,1,1.0,a,6..,"0,0,z"
169,6,6.0,a,1,"x,y,z"
170,6,6.0,a,1,"x,y,z"
171,6,6.0,c,1,"x,y,z"
171,3,3.0,b,2..,"1/2,1/2,z"
171,3,3.0,a,2..,"0,0,z"
172,6,6.0,c,1,"x,y,z"
172,3,3.0,b,2..,"1/2,1/2,z"
172,3,3.0,a,2..,"0,0,z"
173,6,6.0,c,1,"x,y,z"
173,2,2.0,b,3..,"1/3,2/3,z"
173,2,2.0,a,3..,"0,0,z"
174,6,6.0,l,1,"x,y,z"
174,3,3.0,k,m..,"x,y,1/2"
174,3,3.0,j,m..,"x,y,0"
174,2,2.0,i,3..,"2/3,1/3,z"
174,2,2.0,h,3..,"1/3,2/3,z"
174,2,2.0,g,3..,"0,0,z"
174,1,1.0,f,-6..,"2/3,1/3,1/2"
174,1,1.0,e,-6..,"2/3,1/3,0"
174,1,1.0,d,-6..,"1/3,2/3,1/2"
174,1,1.0,c,-6..,"1/3,2/3,0"
174,1,1.0,b,-6..,"0,0,1/2"
174,1,1.0,a,-6..,"0,0,0"
175,12,12.0,l,1,"x,y,z"
175,6,6.0,k,m..,"x,y,1/2"
175,6,6.0,j,m..,"x,y,0"
175,6,6.0,i,2..,"1/2,0,z"
175,4,4.0,h,3..,"1/3,2/3,z"
175,3,3.0,g,2/m..,"1/2,0,1/2"
175,3,3.0,f,2/m..,"1/2,0,0"
175,2,2.0,e,6..,"0,0,z"
175,2,2.0,d,-6..,"1/3,2/3,1/2"
175,2,2.0,c,-6..,"1/3,2/3,0"
175,1,1.0,b,6/m..,"0,0,1/2"
175,1,1.0,a,6/m..,"0,0,0"
176,12,12.0,i,1,"x,y,z"
176,6,6.0,h,m..,"x,y,1/4"
176,6,6.0,g,-1,"1/2,0,0"
176,4,4.0,f,3..,"1/3,2/3,z"
176,4,4.0,e,3..,"0,0,z"
176,2,2.0,d,-6..,"2/3,1/3,1/4"
176,2,2.0,c,-6..,"1/3,2/3,1/4"
176,2,2.0,b,-3..,"0,0,0"
176,2,2.0,a,-6..,"0,0,1/4"
177,12,12.0,n,1,"x,y,z"
177,6,6.0,m,..2,"x,-x,1/2"
177,6,6.0,l,..2,"x,-x,0"
177,6,6.0,k,.2.,"x,0,1/2"
177,6,6.0,j,.2.,"x,0,0"
177,6,6.0,i,2..,"1/2,0,z"
177,4,4.0,h,3..,"1/3,2/3,z"
177,3,3.0,g,222,"1/2,0,1/2"
177,3,3.0,f,222,"1/2,0,0"
177,2,2.0,e,6..,"0,0,z"
177,2,2.0,d,3.2,"1/3,2/3,1/2"
177,2,2.0,c,3.2,"1/3,2/3,0"
177,1,1.0,b,622,"0,0,1/2"
177,1,1.0,a,622,"0,0,0"
178,12,12.0,c,1,"x,y,z"
178,6,6.0,b,..2,"x,2*x,1/4"
178,6,6.0,a,.2.,"x,0,0"
179,12,12.0,c,1,"x,y,z"
179,6,6.0,b,..2,"x,2*x,3/4"
179,6,6.0,a,.2.,"x,0,0"
180,12,12.0,k,1,"x,y,z"
180,6,6.0,j,..2,"x,2*x,1/2"
180,6,6.0,i,..2,"x,2*x,0"
180,6,6.0,h,.2.,"x,0,1/2"
180,6,6.0,g,.2.,"x,0,0"
180,6,6.0,f,2..,"1/2,0,z"
180,6,6.0,e,2..,"0,0,z"
180,3,3.0,d,222,"1/2,0,1/2"
180,3,3.0,c,222,"1/2,0,0"
180,3,3.0,b,222,"0,0,1/2"
180,3,3.0,a,222,"0,0,0"
181,12,12.0,k,1,"x,y,z"
181,6,6.0,j,..2,"x,2*x,1/2"
181,6,6.0,i,..2,"x,2*x,0"
181,6,6.0,h,.2.,"x,0,1/2"
181,6,6.0,g,.2.,"x,0,0"
181,6,6.0,f,2..,"1/2,0,z"
181,6,6.0,e,2..,"0,0,z"
181,3,3.0,d,222,"1/2,0,1/2"
181,3,3.0,c,222,"1/2,0,0"
181,3,3.0,b,222,"0,0,1/2"
181,3,3.0,a,222,"0,0,0"
182,12,12.0,i,1,"x,y,z"
182,6,6.0,h,..2,"x,2*x,1/4"
182,6,6.0,g,.2.,"x,0,0"
182,4,4.0,f,3..,"1/3,2/3,z"
182,4,4.0,e,3..,"0,0,z"
182,2,2.0,d,3.2,"1/3,2/3,3/4"
182,2,2.0,c,3.2,"1/3,2/3,1/4"
182,2,2.0,b,3.2,"0,0,1/4"
182,2,2.0,a,32.,"0,0,0"
183,12,12.0,f,1,"x,y,z"
183,6,6.0,e,.m.,"x,-x,z"
183,6,6.0,d,..m,"x,0,z"
183,3,3.0,c,2mm,"1/2,0,z"
183,2,2.0,b,3m.,"1/3,2/3,z"
183,1,1.0,a,6mm,"0,0,z"
184,12,12.0,d,1,"x,y,z"
184,6,6.0,c,2..,"1/2,0,z"
184,4,4.0,b,3..,"1/3,2/3,z"
184,2,2.0,a,6..,"0,0,z"
185,12,12.0,d,1,"x,y,z"
185,6,6.0,c,..m,"x,0,z"
185,4,4.0,b,3..,"1/3,2/3,z"
185,2,2.0,a,3.m,"0,0,z"
186,12,12.0,d,1,"x,y,z"
186,6,6.0,c,.m.,"x,-x,z"
186,2,2.0,b,3m.,"1/3,2/3,z"
186,2,2.0,a,3m.,"0,0,z"
187,12,12.0,o,1,"x,y,z"
187,6,6.0,n,.m.,"x,-x,z"
187,6,6.0,m,m..,"x,y,1/2"
187,6,6.0,l,m..,"x,y,0"
187,3,3.0,k,mm2,"x,-x,1/2"
187,3,3.0,j,mm2,"x,-x,0"
187,2,2.0,i,3m.,"2/3,1/3,z"
187,2,2.0,h,3m.,"1/3,2/3,z"
187,2,2.0,g,3m.,"0,0,z"
187,1,1.0,f,-6m2,"2/3,1/3,1/2"
187,1,1.0,e,-6m2,"2/3,1/3,0"
187,1,1.0,d,-6m2,"1/3,2/3,1/2"
187,1,1.0,c,-6m2,"1/3,2/3,0"
187,1,1.0,b,-6m2,"0,0,1/2"
187,1,1.0,a,-6m2,"0,0,0"
188,12,12.0,l,1,"x,y,z"
188,6,6.0,k,m..,"x,y,1/4"
188,6,6.0,j,..2,"x,-x,0"
188,4,4.0,i,3..,"2/3,1/3,z"
188,4,4.0,h,3..,"1/3,2/3,z"
188,4,4.0,g,3..,"0,0,z"
188,2,2.0,f,-6..,"2/3,1/3,1/4"
188,2,2.0,e,3.2,"2/3,1/3,0"
188,2,2.0,d,-6..,"1/3,2/3,1/4"
188,2,2.0,c,3.2,"1/3,2/3,0"
188,2,2.0,b,-6..,"0,0,1/4"
188,2,2.0,a,3.2,"0,0,0"
189,12,12.0,l,1,"x,y,z"
189,6,6.0,k,m..,"x,y,1/2"
189,6,6.0,j,m..,"x,y,0"
189,6,6.0,i,..m,"x,0,z"
189,4,4.0,h,3..,"1/3,2/3,z"
189,3,3.0,g,m2m,"x,0,1/2"
189,3,3.0,f,m2m,"x,0,0"
189,2,2.0,e,3.m,"0,0,z"
189,2,2.0,d,-6..,"1/3,2/3,1/2"
189,2,2.0,c,-6..,"1/3,2/3,0"
189,1,1.0,b,-62m,"0,0,1/2"
189,1,1.0,a,-62m,"0,0,0"
190,12,12.0,i,1,"x,y,z"
190,6,6.0,h,m..,"x,y,1/4"
190,6,6.0,g,.2.,"x,0,0"
190,4,4.0,f,3..,"1/3,2/3,z"
190,4,4.0,e,3..,"0,0,z"
190,2,2.0,d,-6..,"2/3,1/3,1/4"
190,2,2.0,c,-6..,"1/3,2/3,1/4"
190,2,2.0,b,-6..,"0,0,1/4"
190,2,2.0,a,32.,"0,0,0"
191,24,24.0,r,1,"x,y,z"
191,12,12.0,q,m..,"x,y,1/2"
191,12,12.0,p,m..,"x,y,0"
191,12,12.0,o,.m.,"x,2*x,z"
191,12,12.0,n,..m,"x,0,z"
191,6,6.0,m,mm2,"x,2*x,1/2"
191,6,6.0,l,mm2,"x,2*x,0"
191,6,6.0,k,m2m,"x,0,1/2"
191,6,6.0,j,m2m,"x,0,0"
191,6,6.0,i,2mm,"1/2,0,z"
191,4,4.0,h,3m.,"1/3,2/3,z"
191,3,3.0,g,mmm,"1/2,0,1/2"
191,3,3.0,f,mmm,"1/2,0,0"
191,2,2.0,e,6mm,"0,0,z"
191,2,2.0,d,-6m2,"1/3,2/3,1/2"
191,2,2.0,c,-6m2,"1/3,2/3,0"
191,1,1.0,b,6/mmm,"0,0,1/2"
191,1,1.0,a,6/mmm,"0,0,0"
192,24,24.0,m,1,"x,y,z"
192,12,12.0,l,m..,"x,y,0"
192,12,12.0,k,..2,"x,2*x,1/4"
192,12,12.0,j,.2.,"x,0,1/4"
192,12,12.0,i,2..,"1/2,0,z"
192,8,8.0,h,3..,"1/3,2/3,z"
192,6,6.0,g,2/m..,"1/2,0,0"
192,6,6.0,f,222,"1/2,0,1/4"
192,4,4.0,e,6..,"0,0,z"
192,4,4.0,d,-6..,"1/3,2/3,0"
192,4,4.0,c,3.2,"1/3,2/3,1/4"
192,2,2.0,b,6/m..,"0,0,0"
192,2,2.0,a,622,"0,0,1/4"
193,24,24.0,l,1,"x,y,z"
193,12,12.0,k,..m,"x,0,z"
193,12,12.0,j,m..,"x,y,1/4"
193,12,12.0,i,..2,"x,2*x,0"
193,8,8.0,h,3..,"1/3,2/3,z"
193,6,6.0,g,m2m,"x,0,1/4"
193,6,6.0,f,..2/m,"1/2,0,0"
193,4,4.0,e,3.m,"0,0,z"
193,4,4.0,d,3.2,"1/3,2/3,0"
193,4,4.0,c,-6..,"1/3,2/3,1/4"
193,2,2.0,b,-3.m,"0,0,0"
193,2,2.0,a,-62m,"0,0,1/4"
194,24,24.0,l,1,"x,y,z"
194,12,12.0,k,.m.,"x,2*x,z"
194,12,12.0,j,m..,"x,y,1/4"
194,12,12.0,i,.2.,"x,0,0"
194,6,6.0,h,mm2,"x,2*x,1/4"
194,6,6.0,g,.2/m.,"1/2,0,0"
194,4,4.0,f,3m.,"1/3,2/3,z"
194,4,4.0,e,3m.,"0,0,z"
194,2,2.0,d,-6m2,"1/3,2/3,3/4"
194,2,2.0,c,-6m2,"1/3,2/3,1/4"
194,2,2.0,b,-6m2,"0,0,1/4"
194,2,2.0,a,-3m.,"0,0,0"
195,12,12.0,j,1,"x,y,z"
195,6,6.0,i,2..,"x,1/2,1/2"
195,6,6.0,h,2..,"x,1/2,0"
195,6,6.0,g,2..,"x,0,1/2"
195,6,6.0,f,2..,"x,0,0"
195,4,4.0,e,.3.,"x,x,x"
195,3,3.0,d,222..,"1/2,0,0"
195,3,3.0,c,222..,"0,1/2,1/2"
195,1,1.0,b,23.,"1/2,1/2,1/2"
195,1,1.0,a,23.,"0,0,0"
196,48,12.0,h,1,"x,y,z"
196,24,6.0,g,2..,"x,1/4,1/4"
196,24,6.0,f,2..,"x,0,0"
196,16,4.0,e,.3.,"x,x,x"
196,4,1.0,d,23.,"3/4,3/4,3/4"
196,4,1.0,c,23.,"1/4,1/4,1/4"
196,4,1.0,b,23.,"1/2,1/2,1/2"
196,4,1.0,a,23.,"0,0,0"
197,24,12.0,f,1,"x,y,z"
197,12,6.0,e,2..,"x,1/2,0"
197,12,6.0,d,2..,"x,0,0"
197,8,4.0,c,.3.,"x,x,x"
197,6,3.0,b,222..,"0,1/2,1/2"
197,2,1.0,a,23.,"0,0,0"
198,12,12.0,b,1,"x,y,z"
198,4,4.0,a,.3.,"x,x,x"
199,24,12.0,c,1,"x,y,z"
199,12,6.0,b,2..,"x,0,1/4"
199,8,4.0,a,.3.,"x,x,x"
200,24,24.0,l,1,"x,y,z"
200,12,12.0,k,m..,"1/2,y,z"
200,12,12.0,j,m..,"0,y,z"
200,8,8.0,i,.3.,"x,x,x"
200,6,6.0,h,mm2..,"x,1/2,1/2"
200,6,6.0,g,mm2..,"x,1/2,0"
200,6,6.0,f,mm2..,"x,0,1/2"
200,6,6.0,e,mm2..,"x,0,0"
200,3,3.0,d,mmm..,"1/2,0,0"
200,3,3.0,c,mmm..,"0,1/2,1/2"
200,1,1.0,b,m-3.,"1/2,1/2,1/2"
200,1,1.0,a,m-3.,"0,0,0"
201,24,24.0,h,1,"x,y,z"
201,12,12.0,g,2..,"x,1/2,0"
201,12,12.0,f,2..,"x,0,0"
201,8,8.0,e,.3.,"x,x,x"
201,6,6.0,d,222..,"0,1/2,1/2"
201,4,4.0,c,.-3.,"3/4,3/4,3/4"
201,4,4.0,b,.-3.,"1/4,1/4,1/4"
201,2,2.0,a,23.,"0,0,0"
202,96,24.0,i,1,"x,y,z"
202,48,12.0,h,m..,"0,y,z"
202,48,12.0,g,2..,"x,1/4,1/4"
202,32,8.0,f,.3.,"x,x,x"
202,24,6.0,e,mm2..,"x,0,0"
202,24,6.0,d,2/m..,"0,1/4,1/4"
202,8,2.0,c,23.,"1/4,1/4,1/4"
202,4,1.0,b,m-3.,"1/2,1/2,1/2"
202,4,1.0,a,m-3.,"0,0,0"
203,96,24.0,g,1,"x,y,z"
203,48,12.0,f,2..,"x,0,0"
203,32,8.0,e,.3.,"x,x,x"
203,16,4.0,d,.-3.,"5/8,5/8,5/8"
203,16,4.0,c,.-3.,"1/8,1/8,1/8"
203,8,2.0,b,23.,"1/2,1/2,1/2"
203,8,2.0,a,23.,"0,0,0"
204,48,24.0,h,1,"x,y,z"
204,24,12.0,g,m..,"0,y,z"
204,16,8.0,f,.3.,"x,x,x"
204,12,6.0,e,mm2..,"x,0,1/2"
204,12,6.0,d,mm2..,"x,0,0"
204,8,4.0,c,.-3.,"1/4,1/4,1/4"
204,6,3.0,b,mmm..,"0,1/2,1/2"
204,2,1.0,a,m-3.,"0,0,0"
205,24,24.0,d,1,"x,y,z"
205,8,8.0,c,.3.,"x,x,x"
205,4,4.0,b,.-3.,"1/2,1/2,1/2"
205,4,4.0,a,.-3.,"0,0,0"
206,48,24.0,e,1,"x,y,z"
206,24,12.0,d,2..,"x,0,1/4"
206,16,8.0,c,.3.,"x,x,x"
206,8,4.0,b,.-3.,"1/4,1/4,1/4"
206,8,4.0,a,.-3.,"0,0,0"
207,24,24.0,k,1,"x,y,z"
207,12,12.0,j,..2,"1/2,y,y"
207,12,12.0,i,..2,"0,y,y"
207,12,12.0,h,2..,"x,1/2,0"
207,8,8.0,g,.3.,"x,x,x"
207,6,6.0,f,4..,"x,1/2,1/2"
207,6,6.0,e,4..,"x,0,0"
207,3,3.0,d,42.2,"1/2,0,0"
207,3,3.0,c,42.2,"0,1/2,1/2"
207,1,1.0,b,432,"1/2,1/2,1/2"
207,1,1.0,a,432,"0,0,0"
208,24,24.0,m,1,"x,y,z"
208,12,12.0,l,..2,"1/4,y,y+1/2"
208,12,12.0,k,..2,"1/4,y,-y+1/2"
208,12,12.0,j,2..,"x,1/2,0"
208,12,12.0,i,2..,"x,0,1/2"
208,12,12.0,h,2..,"x,0,0"
208,8,8.0,g,.3.,"x,x,x"
208,6,6.0,f,2.22,"1/4,1/2,0"
208,6,6.0,e,2.22,"1/4,0,1/2"
208,6,6.0,d,222..,"0,1/2,1/2"
208,4,4.0,c,.32,"3/4,3/4,3/4"
208,4,4.0,b,.32,"1/4,1/4,1/4"
208,2,2.0,a,23.,"0,0,0"
209,96,24.0,j,1,"x,y,z"
209,48,12.0,i,2..,"x,1/4,1/4"
209,48,12.0,h,..2,"1/2,y,y"
209,48,12.0,g,..2,"0,y,y"
209,32,8.0,f,.3.,"x,x,x"
209,24,6.0,e,4..,"x,0,0"
209,24,6.0,d,2.22,"0,1/4,1/4"
209,8,2.0,c,23.,"1/4,1/4,1/4"
209,4,1.0,b,432,"1/2,1/2,1/2"
209,4,1.0,a,432,"0,0,0"
210,96,24.0,h,1,"x,y,z"
210,48,12.0,g,..2,"1/8,y,-y+1/4"
210,48,12.0,f,2..,"x,0,0"
210,32,8.0,e,.3.,"x,x,x"
210,16,4.0,d,.32,"5/8,5/8,5/8"
210,16,4.0,c,.32,"1/8,1/8,1/8"
210,8,2.0,b,23.,"1/2,1/2,1/2"
210,8,2.0,a,23.,"0,0,0"
211,48,24.0,j,1,"x,y,z"
211,24,12.0,i,..2,"1/4,y,-y+1/2"
211,24,12.0,h,..2,"0,y,y"
211,24,12.0,g,2..,"x,1/2,0"
211,16,8.0,f,.3.,"x,x,x"
211,12,6.0,e,4..,"x,0,0"
211,12,6.0,d,2.22,"1/4,1/2,0"
211,8,4.0,c,.32,"1/4,1/4,1/4"
211,6,3.0,b,42.2,"0,1/2,1/2"
211,2,1.0,a,432,"0,0,0"
212,24,24.0,e,1,"x,y,z"
212,12,12.0,d,..2,"1/8,y,-y+1/4"
212,8,8.0,c,.3.,"x,x,x"
212,4,4.0,b,.32,"5/8,5/8,5/8"
212,4,4.0,a,.32,"1/8,1/8,1/8"
213,24,24.0,e,1,"x,y,z"
213,12,12.0,d,..2,"1/8,y,y+1/4"
213,8,8.0,c,.3.,"x,x,x"
213,4,4.0,b,.32,"7/8,7/8,7/8"
213,4,4.0,a,.32,"3/8,3/8,3/8"
214,48,24.0,i,1,"x,y,z"
214,24,12.0,h,..2,"1/8,y,-y+1/4"
214,24,12.0,g,..2,"1/8,y,y+1/4"
214,24,12.0,f,2..,"x,0,1/4"
214,16,8.0,e,.3.,"x,x,x"
214,12,6.0,d,2.22,"5/8,0,1/4"
214,12,6.0,c,2.22,"1/8,0,1/4"
214,8,4.0,b,.32,"7/8,7/8,7/8"
214,8,4.0,a,.32,"1/8,1/8,1/8"
215,24,24.0,j,1,"x,y,z"
215,12,12.0,i,..m,"x,x,z"
215,12,12.0,h,2..,"x,1/2,0"
215,6,6.0,g,2.mm,"x,1/2,1/2"
215,6,6.0,f,2.mm,"x,0,0"
215,4,4.0,e,.3m,"x,x,x"
215,3,3.0,d,-42.m,"1/2,0,0"
215,3,3.0,c,-42.m,"0,1/2,1/2"
215,1,1.0,b,-43m,"1/2,1/2,1/2"
215,1,1.0,a,-43m,"0,0,0"
216,96,24.0,i,1,"x,y,z"
216,48,12.0,h,..m,"x,x,z"
216,24,6.0,g,2.mm,"x,1/4,1/4"
216,24,6.0,f,2.mm,"x,0,0"
216,16,4.0,e,.3m,"x,x,x"
216,4,1.0,d,-43m,"3/4,3/4,3/4"
216,4,1.0,c,-43m,"1/4,1/4,1/4"
216,4,1.0,b,-43m,"1/2,1/2,1/2"
216,4,1.0,a,-43m,"0,0,0"
217,48,24.0,h,1,"x,y,z"
217,24,12.0,g,..m,"x,x,z"
217,24,12.0,f,2..,"x,1/2,0"
217,12,6.0,e,2.mm,"x,0,0"
217,12,6.0,d,-4..,"1/4,1/2,0"
217,8,4.0,c,.3m,"x,x,x"
217,6,3.0,b,-42.m,"0,1/2,1/2"
217,2,1.0,a,-43m,"0,0,0"
218,24,24.0,i,1,"x,y,z"
218,12,12.0,h,2..,"x,0,1/2"
218,12,12.0,g,2..,"x,1/2,0"
218,12,12.0,f,2..,"x,0,0"
218,8,8.0,e,.3.,"x,x,x"
218,6,6.0,d,-4..,"1/4,0,1/2"
218,6,6.0,c,-4..,"1/4,1/2,0"
218,6,6.0,b,222..,"0,1/2,1/2"
218,2,2.0,a,23.,"0,0,0"
219,96,24.0,h,1,"x,y,z"
219,48,12.0,g,2..,"x,1/4,1/4"
219,48,12.0,f,2..,"x,0,0"
219,32,8.0,e,.3.,"x,x,x"
219,24,6.0,d,-4..,"1/4,0,0"
219,24,6.0,c,-4..,"0,1/4,1/4"
219,8,2.0,b,23.,"1/4,1/4,1/4"
219,8,2.0,a,23.,"0,0,0"
220,48,24.0,e,1,"x,y,z"
220,24,12.0,d,2..,"x,0,1/4"
220,16,8.0,c,.3.,"x,x,x"
220,12,6.0,b,-4..,"7/8,0,1/4"
220,12,6.0,a,-4..,"3/8,0,1/4"
221,48,48.0,n,1,"x,y,z"
221,24,24.0,m,..m,"x,x,z"
221,24,24.0,l,m..,"1/2,y,z"
221,24,24.0,k,m..,"0,y,z"
221,12,12.0,j,m.m2,"1/2,y,y"
221,12,12.0,i,m.m2,"0,y,y"
221,12,12.0,h,mm2..,"x,1/2,0"
221,8,8.0,g,.3m,"x,x,x"
221,6,6.0,f,4m.m,"x,1/2,1/2"
221,6,6.0,e,4m.m,"x,0,0"
221,3,3.0,d,4/mm.m,"1/2,0,0"
221,3,3.0,c,4/mm.m,"0,1/2,1/2"
221,1,1.0,b,m-3m,"1/2,1/2,1/2"
221,1,1.0,a,m-3m,"0,0,0"
222,48,48.0,i,1,"x,y,z"
222,24,24.0,h,..2,"0,y,y"
222,24,24.0,g,2..,"x,0,1/2"
222,16,16.0,f,.3.,"x,x,x"
222,12,12.0,e,4..,"x,0,0"
222,12,12.0,d,-4..,"1/4,0,1/2"
222,8,8.0,c,.-3.,"1/4,1/4,1/4"
222,6,6.0,b,42.2,"0,1/2,1/2"
222,2,2.0,a,432,"0,0,0"
223,48,48.0,l,1,"x,y,z"
223,24,24.0,k,m..,"0,y,z"
223,24,24.0,j,..2,"1/4,y,y+1/2"
223,16,16.0,i,.3.,"x,x,x"
223,12,12.0,h,mm2..,"x,1/2,0"
223,12,12.0,g,mm2..,"x,0,1/2"
223,12,12.0,f,mm2..,"x,0,0"
223,8,8.0,e,.32,"1/4,1/4,1/4"
223,6,6.0,d,-4m.2,"1/4,1/2,0"
223,6,6.0,c,-4m.2,"1/4,0,1/2"
223,6,6.0,b,mmm..,"0,1/2,1/2"
223,2,2.0,a,m-3.,"0,0,0"
224,48,48.0,l,1,"x,y,z"
224,24,24.0,k,..m,"x,x,z"
224,24,24.0,j,..2,"1/4,y,y+1/2"
224,24,24.0,i,..2,"1/4,y,-y+1/2"
224,24,24.0,h,2..,"x,0,1/2"
224,12,12.0,g,2.mm,"x,0,0"
224,12,12.0,f,2.22,"1/4,0,1/2"
224,8,8.0,e,.3m,"x,x,x"
224,6,6.0,d,-42.m,"0,1/2,1/2"
224,4,4.0,c,.-3m,"3/4,3/4,3/4"
224,4,4.0,b,.-3m,"1/4,1/4,1/4"
224,2,2.0,a,-43m,"0,0,0"
225,192,48.0,l,1,"x,y,z"
225,96,24.0,k,..m,"x,x,z"
225,96,24.0,j,m..,"0,y,z"
225,48,12.0,i,m.m2,"1/2,y,y"
225,48,12.0,h,m.m2,"0,y,y"
225,48,12.0,g,2.mm,"x,1/4,1/4"
225,32,8.0,f,.3m,"x,x,x"
225,24,6.0,e,4m.m,"x,0,0"
225,24,6.0,d,m.mm,"0,1/4,1/4"
225,8,2.0,c,-43m,"1/4,1/4,1/4"
225,4,1.0,b,m-3m,"1/2,1/2,1/2"
225,4,1.0,a,m-3m,"0,0,0"
226,192,48.0,j,1,"x,y,z"
226,96,24.0,i,m..,"0,y,z"
226,96,24.0,h,..2,"1/4,y,y"
226,64,16.0,g,.3.,"x,x,x"
226,48,12.0,f,4..,"x,1/4,1/4"
226,48,12.0,e,mm2..,"x,0,0"
226,24,6.0,d,4/m..,"0,1/4,1/4"
226,24,6.0,c,-4m.2,"1/4,0,0"
226,8,2.0,b,m-3.,"0,0,0"
226,8,2.0,a,432,"1/4,1/4,1/4"
227,192,48.0,i,1,"x,y,z"
227,96,24.0,h,..2,"1/8,y,-y+1/4"
227,96,24.0,g,..m,"x,x,z"
227,48,12.0,f,2.mm,"x,0,0"
227,32,8.0,e,.3m,"x,x,x"
227,16,4.0,d,.-3m,"5/8,5/8,5/8"
227,16,4.0,c,.-3m,"1/8,1/8,1/8"
227,8,2.0,b,-43m,"1/2,1/2,1/2"
227,8,2.0,a,-43m,"0,0,0"
228,192,48.0,h,1,"x,y,z"
228,96,24.0,g,..2,"1/8,y,-y+1/4"
228,96,24.0,f,2..,"x,0,0"
228,64,16.0,e,.3.,"x,x,x"
228,48,12.0,d,-4..,"1/4,0,0"
228,32,8.0,c,.-3.,"3/8,3/8,3/8"
228,32,8.0,b,.32,"1/8,1/8,1/8"
228,16,4.0,a,23.,"0,0,0"
229,96,48.0,l,1,"x,y,z"
229,48,24.0,k,..m,"x,x,z"
229,48,24.0,j,m..,"0,y,z"
229,48,24.0,i,..2,"1/4,y,-y+1/2"
229,24,12.0,h,m.m2,"0,y,y"
229,24,12.0,g,mm2..,"x,0,1/2"
229,16,8.0,f,.3m,"x,x,x"
229,12,6.0,e,4m.m,"x,0,0"
229,12,6.0,d,-4m.2,"1/4,0,1/2"
229,8,4.0,c,.-3m,"1/4,1/4,1/4"
229,6,3.0,b,4/mm.m,"0,1/2,1/2"
229,2,1.0,a,m-3m,"0,0,0"
230,96,48.0,h,1,"x,y,z"
230,48,24.0,g,..2,"1/8,y,-y+1/4"
230,48,24.0,f,2..,"x,0,1/4"
230,32,16.0,e,.3.,"x,x,x"
230,24,12.0,d,-4..,"3/8,0,1/4"
230,24,12.0,c,2.22,"1/8,0,1/4"
230,16,8.0,b,.32,"1/8,1/8,1/8"
230,16,8.0,a,.-3.,"0,0,0"
